Id	income	age	experience	married	house_ownership	car_ownership	profession	city	state	current_job_years	current_house_years	risk_flag
1	1303835	23	3	single	rented	no	Mechanical_engineer	Rewa	Madhya_Pradesh	3	13	0
2	7574516	40	10	single	rented	no	Software_Developer	Parbhani	Maharashtra	9	13	0
3	3991815	66	4	married	rented	no	Technical_writer	Alappuzha	Kerala	4	10	0
4	6256451	41	2	single	rented	yes	Software_Developer	Bhubaneswar	Odisha	2	12	1
5	5768871	47	11	single	rented	no	Civil_servant	Tiruchirappalli[10]	Tamil_Nadu	3	14	1
6	6915937	64	0	single	rented	no	Civil_servant	Jalgaon	Maharashtra	0	12	0
7	3954973	58	14	married	rented	no	Librarian	Tiruppur	Tamil_Nadu	8	12	0
8	1706172	33	2	single	rented	no	Economist	Jamnagar	Gujarat	2	14	0
9	7566849	24	17	single	rented	yes	Flight_attendant	Kota[6]	Rajasthan	11	11	0
10	8964846	23	12	single	rented	no	Architect	Karimnagar	Telangana	5	13	0
11	4634682	78	7	single	rented	no	Flight_attendant	Hajipur[31]	Bihar	7	12	0
12	6623263	22	4	single	rented	no	Designer	Adoni	Andhra_Pradesh	4	14	0
13	9120988	28	9	single	rented	no	Physician	Erode[17]	Tamil_Nadu	9	12	0
14	8043880	57	12	single	rented	no	Financial_Analyst	Kollam	Kerala	8	10	0
15	9420838	48	6	single	rented	no	Technical_writer	Madurai	Tamil_Nadu	6	10	1
16	5694236	39	2	married	rented	yes	Economist	Anantapuram[24]	Andhra_Pradesh	2	10	0
17	7315839	72	8	married	rented	no	Air_traffic_controller	Kamarhati	West_Bengal	8	14	0
18	3666346	56	12	single	rented	no	Politician	Bhusawal	Maharashtra	12	11	1
19	2241112	28	8	single	rented	no	Police_officer	Sirsa	Haryana	6	14	0
20	5431918	40	1	single	rented	no	Artist	Amaravati	Andhra_Pradesh	1	14	0
21	9225468	54	14	single	rented	no	Surveyor	Secunderabad	Telangana	8	10	0
22	6506739	50	4	single	rented	no	Politician	Ahmedabad	Gujarat	4	11	0
23	9157379	72	13	single	rented	yes	Design_Engineer	Ajmer	Rajasthan	9	10	0
24	9236505	35	19	single	rented	no	Chemical_engineer	Ongole	Andhra_Pradesh	6	14	0
25	1065465	23	15	married	rented	no	Hotel_Manager	Miryalaguda	Telangana	4	12	0
26	1797876	76	20	single	norent_noown	no	Mechanical_engineer	Erode[17]	Tamil_Nadu	11	14	0
27	6063428	38	6	married	rented	no	Dentist	Ambattur	Tamil_Nadu	6	13	0
28	9643150	24	13	single	rented	no	Comedian	Indore	Madhya_Pradesh	6	14	0
29	8832725	64	5	single	rented	no	Biomedical_Engineer	Pondicherry	Puducherry	5	11	1
30	4386333	31	16	single	rented	no	Physician	Shimoga	Karnataka	3	12	0
31	3939397	52	19	single	rented	yes	Flight_attendant	Chennai	Tamil_Nadu	3	10	0
32	6944134	59	5	single	owned	no	Graphic_Designer	Gulbarga	Karnataka	5	11	0
33	4128828	21	10	single	rented	no	Computer_hardware_engineer	Khammam	Telangana	10	12	0
34	5023035	26	10	single	rented	yes	Petroleum_Engineer	Madurai	Tamil_Nadu	9	13	0
35	9086933	55	7	single	rented	no	Air_traffic_controller	Saharanpur	Uttar_Pradesh	7	13	0
36	7537675	45	4	single	rented	no	Graphic_Designer	Gopalpur	West_Bengal	4	14	0
37	9625415	77	15	married	rented	no	Secretary	Amravati	Maharashtra	9	10	0
38	7904011	71	3	single	rented	no	Computer_operator	Udupi	Karnataka	3	11	0
39	3540135	78	4	single	rented	no	Biomedical_Engineer	Howrah	West_Bengal	4	11	0
40	8739032	55	3	married	rented	no	Politician	Aurangabad[39]	Bihar	3	14	0
41	3217258	23	12	single	rented	yes	Petroleum_Engineer	Hospet	Karnataka	8	10	0
42	2735428	72	20	single	rented	no	Surveyor	Shimla	Himachal_Pradesh	6	14	0
43	9760667	63	17	single	rented	no	Chartered_Accountant	Khandwa	Madhya_Pradesh	13	12	1
44	8390825	30	11	single	rented	no	Secretary	Bidhannagar	West_Bengal	7	10	0
45	9639445	45	9	single	rented	no	Technician	Bellary	Karnataka	9	10	1
46	6868118	25	16	single	rented	no	Secretary	Danapur	Bihar	13	13	1
47	2471915	73	18	single	rented	no	Chemical_engineer	Purnia[26]	Bihar	14	13	0
48	8477026	52	10	single	rented	no	Design_Engineer	Bijapur	Karnataka	10	10	0
49	8996641	75	12	single	rented	no	Microbiologist	Patiala	Punjab	12	13	0
50	4043791	48	18	single	rented	yes	Architect	Malda	West_Bengal	13	14	0
51	4260004	27	5	single	norent_noown	no	Police_officer	Sagar	Madhya_Pradesh	5	13	0
52	3634814	74	4	single	rented	no	Fashion_Designer	Durgapur	West_Bengal	4	11	0
53	9518593	71	6	single	rented	no	Artist	Junagadh	Gujarat	6	13	0
54	5990870	74	4	single	rented	no	Aviator	Singrauli	Madhya_Pradesh	4	10	0
55	1213131	67	8	single	rented	no	Psychologist	Agartala	Tripura	8	11	0
56	1885923	46	16	single	rented	no	Magistrate	Thanjavur	Tamil_Nadu	8	14	1
57	5554586	39	18	single	rented	no	Software_Developer	Hindupur	Andhra_Pradesh	13	13	1
58	6555332	56	20	single	owned	no	Magistrate	Naihati	West_Bengal	4	10	0
59	9861298	59	16	single	rented	no	Technical_writer	North_Dumdum	West_Bengal	9	11	1
60	9311486	68	9	single	rented	no	Lawyer	Panchkula	Haryana	9	12	0
61	9440590	68	11	single	rented	no	Dentist	Anantapur	Andhra_Pradesh	10	13	0
62	8773158	58	18	single	rented	yes	Firefighter	Serampore	West_Bengal	5	13	1
63	9724250	67	17	single	rented	yes	Dentist	Bathinda	Punjab	3	13	0
64	1729774	28	6	married	rented	yes	Technical_writer	Nadiad	Gujarat	5	10	0
65	6178223	46	19	single	owned	yes	Architect	Kanpur	Uttar_Pradesh	11	13	0
66	9822116	27	12	single	rented	no	Artist	Haridwar	Uttarakhand	12	13	0
67	4334000	36	4	single	rented	no	Politician	Berhampur	Odisha	4	11	0
68	9576258	79	18	single	rented	yes	Air_traffic_controller	Jamshedpur	Jharkhand	6	11	0
69	8788135	77	7	married	rented	no	Petroleum_Engineer	Ongole	Andhra_Pradesh	7	11	0
70	7002610	56	4	single	rented	no	Police_officer	Hyderabad	Telangana	4	12	0
71	5605985	57	12	single	rented	no	Engineer	Bidar	Karnataka	3	11	0
72	3208322	55	18	single	rented	no	Air_traffic_controller	Kottayam	Kerala	8	12	0
73	2408148	59	10	single	rented	no	Architect	Solapur	Maharashtra	7	11	0
74	9585696	42	13	single	rented	yes	Official	Anantapuram[24]	Andhra_Pradesh	3	12	0
75	2116007	24	5	single	rented	yes	Analyst	Suryapet	Telangana	5	13	1
76	3798306	42	11	single	rented	yes	Geologist	Aizawl	Mizoram	11	14	0
77	2966907	30	6	married	rented	yes	Magistrate	Tiruppur	Tamil_Nadu	5	12	0
78	4994848	58	9	single	rented	no	Software_Developer	Durgapur	West_Bengal	9	13	0
79	326455	27	20	single	rented	no	Drafter	Asansol	West_Bengal	3	14	0
80	6227811	60	14	single	owned	no	Economist	Sirsa	Haryana	12	12	0
81	7839236	68	7	single	rented	no	Biomedical_Engineer	Amravati	Maharashtra	7	14	1
82	6115704	57	17	single	owned	no	Economist	Deoghar	Jharkhand	12	14	1
83	7433875	32	12	single	rented	yes	Fashion_Designer	Chennai	Tamil_Nadu	11	10	1
84	6245331	65	6	single	rented	no	Financial_Analyst	Eluru[25]	Andhra_Pradesh	6	12	0
85	4700701	48	14	single	rented	yes	Secretary	Ulhasnagar	Maharashtra	12	12	0
86	5898669	32	9	married	rented	no	Firefighter	Aligarh	Uttar_Pradesh	6	13	0
87	4329713	42	9	married	rented	no	Fashion_Designer	South_Dumdum	West_Bengal	6	14	0
88	4047079	49	7	single	rented	yes	Dentist	Indore	Madhya_Pradesh	5	14	0
89	9784947	24	11	single	rented	no	Designer	Berhampore	West_Bengal	11	14	0
90	6097344	27	16	single	rented	yes	Statistician	Kottayam	Kerala	10	14	0
91	826681	78	4	married	rented	yes	Analyst	Ongole	Andhra_Pradesh	4	14	0
92	137594	52	10	single	rented	yes	Technical_writer	Sagar	Madhya_Pradesh	7	10	1
93	575463	60	12	single	rented	yes	Firefighter	Gandhinagar	Gujarat	11	13	0
94	8005608	65	8	single	rented	no	Civil_servant	Sonipat	Haryana	8	12	1
95	7527288	24	10	single	rented	no	Biomedical_Engineer	Muzaffarpur	Bihar	5	11	0
96	7021605	31	14	single	rented	no	Technician	Raichur	Karnataka	8	10	0
97	3449511	50	19	single	rented	yes	Computer_hardware_engineer	Rajpur_Sonarpur	West_Bengal	3	14	0
98	3472864	39	10	single	rented	yes	Software_Developer	Jamnagar	Gujarat	5	13	0
99	5083653	35	14	single	rented	yes	Statistician	Ambattur	Tamil_Nadu	12	11	0
100	6275695	66	10	single	rented	no	Architect	Ambarnath	Maharashtra	10	11	1
101	4336059	54	12	single	rented	yes	Firefighter	Katihar	Bihar	12	13	0
102	4976661	22	9	single	rented	no	Architect	Kozhikode	Kerala	8	12	0
103	4417164	42	12	single	rented	no	Web_designer	Vellore	Tamil_Nadu	8	14	0
104	9334042	52	10	single	rented	yes	Economist	Malegaon	Maharashtra	5	11	0
105	535157	50	2	married	rented	no	Engineer	Kochi	Kerala	2	10	0
106	4126991	66	3	single	rented	no	Microbiologist	Nagaon	Assam	3	12	0
107	5165629	61	0	single	rented	no	Aviator	North_Dumdum	West_Bengal	0	12	1
108	1240330	29	18	married	rented	yes	Consultant	Gopalpur	West_Bengal	12	14	0
109	862841	77	7	single	rented	no	Fashion_Designer	North_Dumdum	West_Bengal	7	14	0
110	6501716	37	5	single	rented	no	Civil_servant	Nagpur	Maharashtra	5	13	0
111	1197375	41	0	single	rented	yes	Microbiologist	Srinagar	Jammu_and_Kashmir	0	11	0
112	7430695	59	8	single	rented	no	Chef	Malda	West_Bengal	8	10	0
113	4726819	67	5	single	rented	no	Consultant	Davanagere	Karnataka	5	13	0
114	1319541	72	10	married	rented	no	Politician	Bhagalpur	Bihar	10	14	0
115	1281960	24	8	single	rented	no	Politician	Siwan[32]	Bihar	8	13	0
116	5522159	22	6	single	rented	no	Computer_hardware_engineer	Anantapur	Andhra_Pradesh	6	12	1
117	4428363	46	11	single	rented	no	Software_Developer	Nagaon	Assam	11	10	1
118	4759451	60	4	married	rented	no	Official	Meerut	Uttar_Pradesh	4	13	0
119	7154493	28	4	single	rented	no	Engineer	Dindigul	Tamil_Nadu	4	13	1
120	245844	67	4	married	rented	no	Economist	Bhatpara	West_Bengal	3	11	0
121	8769550	23	13	single	rented	no	Computer_hardware_engineer	Ghaziabad	Uttar_Pradesh	9	10	1
122	8312895	35	12	single	rented	no	Psychologist	Bhagalpur	Bihar	11	14	0
123	4432483	69	6	single	rented	no	Hotel_Manager	Kulti	West_Bengal	6	10	0
124	9867887	79	9	single	rented	no	Physician	Chapra	Bihar	4	12	0
125	444242	77	11	married	rented	no	Dentist	Dibrugarh	Assam	8	12	0
126	8288147	32	20	single	rented	no	Financial_Analyst	Gandhinagar	Gujarat	3	13	0
127	3159260	62	4	single	rented	no	Petroleum_Engineer	Panihati	West_Bengal	4	10	0
128	8753042	74	12	married	rented	no	Computer_operator	Bhiwandi	Maharashtra	9	12	0
129	46750	33	13	single	rented	yes	Chef	Morbi	Gujarat	10	11	1
130	1855377	26	3	single	rented	no	Magistrate	Shimla	Himachal_Pradesh	3	13	0
131	7187813	47	2	single	rented	no	Flight_attendant	Parbhani	Maharashtra	2	13	1
132	5644262	60	7	single	rented	no	Engineer	Kalyan-Dombivli	Maharashtra	3	11	1
133	4171960	73	16	single	rented	no	Magistrate	Gorakhpur	Uttar_Pradesh	10	10	0
134	9397962	58	3	married	rented	no	Psychologist	Saharanpur	Uttar_Pradesh	3	14	0
135	3643187	77	20	single	rented	no	Web_designer	Bellary	Karnataka	12	14	0
136	2015341	47	6	single	rented	no	Graphic_Designer	Panvel	Maharashtra	6	13	0
137	7465121	37	2	single	rented	yes	Microbiologist	Siliguri	West_Bengal	2	12	0
138	3606323	33	0	single	rented	yes	Mechanical_engineer	Bongaigaon	Assam	0	11	0
139	2966871	78	7	married	rented	no	Magistrate	Patna	Bihar	3	11	0
140	8496659	59	12	single	rented	no	Army_officer	Karimnagar	Telangana	8	12	0
141	7889777	35	15	single	rented	no	Physician	Ramgarh	Jharkhand	13	10	0
142	3345583	32	2	single	rented	no	Mechanical_engineer	Ozhukarai	Puducherry	2	14	0
143	4392927	41	2	single	rented	no	Chemical_engineer	Mirzapur	Uttar_Pradesh	2	13	1
144	4995211	68	9	single	rented	no	Firefighter	Akola	Maharashtra	9	11	0
145	3970273	53	14	single	rented	no	Air_traffic_controller	Satna	Madhya_Pradesh	4	12	0
146	2570688	46	9	single	rented	no	Firefighter	Motihari[34]	Bihar	9	11	0
147	2506726	54	11	single	rented	no	Designer	Jalna	Maharashtra	6	14	0
148	9657655	76	0	single	rented	no	Psychologist	Jalandhar	Punjab	0	12	0
149	4269729	70	8	single	rented	yes	Fashion_Designer	Unnao	Uttar_Pradesh	8	13	0
150	799233	72	4	single	rented	yes	Hotel_Manager	Udupi	Karnataka	4	14	0
151	8791091	33	15	single	rented	no	Microbiologist	Karnal	Haryana	12	14	0
152	1122270	72	11	single	rented	no	Librarian	Cuttack	Odisha	5	12	0
153	3775604	46	11	single	rented	no	Surgeon	Proddatur	Andhra_Pradesh	5	11	1
154	8195887	79	16	single	rented	no	Chef	Ichalkaranji	Maharashtra	14	13	1
155	4392149	59	11	single	rented	no	Secretary	Warangal[11][12]	Telangana	10	13	0
156	4991059	39	11	single	rented	no	Magistrate	Jhansi	Uttar_Pradesh	11	14	0
157	1013313	32	16	single	rented	no	Geologist	Bulandshahr	Uttar_Pradesh	10	12	0
158	1800877	21	10	married	rented	yes	Software_Developer	Narasaraopet	Andhra_Pradesh	5	13	0
159	2217063	34	3	single	rented	no	Computer_hardware_engineer	Chinsurah	West_Bengal	3	11	0
160	1134496	77	3	single	rented	no	Surgeon	Jehanabad[38]	Bihar	3	10	1
161	7462623	46	13	single	rented	no	Fashion_Designer	Kamarhati	West_Bengal	10	14	0
162	6045182	78	6	single	rented	no	Designer	Raichur	Karnataka	6	12	0
163	6847133	69	7	single	rented	no	Surgeon	Dhanbad	Jharkhand	6	10	0
164	5403886	29	14	single	rented	no	Scientist	Gudivada	Andhra_Pradesh	7	10	0
165	1856689	46	5	single	rented	yes	Air_traffic_controller	Amravati	Maharashtra	5	12	1
166	4998898	27	13	single	rented	no	Economist	Gandhidham	Gujarat	13	11	0
167	3367218	28	5	single	rented	no	Analyst	Raiganj	West_Bengal	4	11	0
168	4195266	40	20	married	rented	no	Web_designer	Ajmer	Rajasthan	14	14	0
169	8451099	70	4	single	rented	yes	Design_Engineer	Kishanganj[35]	Bihar	4	13	1
170	624985	47	11	single	rented	no	Software_Developer	Varanasi	Uttar_Pradesh	6	11	1
171	3207222	28	3	single	rented	yes	Dentist	Belgaum	Karnataka	3	10	0
172	4341286	75	1	single	rented	no	Consultant	Tirupati[21][22]	Andhra_Pradesh	1	13	0
173	233888	64	1	single	rented	no	Psychologist	Tumkur	Karnataka	1	10	1
174	2942291	50	11	single	owned	no	Financial_Analyst	Unnao	Uttar_Pradesh	4	11	0
175	6044767	60	12	single	rented	yes	Engineer	Coimbatore	Tamil_Nadu	10	13	0
176	6694786	69	17	single	norent_noown	no	Surveyor	Miryalaguda	Telangana	11	11	1
177	470555	50	10	single	owned	no	Secretary	Kulti	West_Bengal	3	14	0
178	8949796	66	0	single	rented	yes	Petroleum_Engineer	Kurnool[18]	Andhra_Pradesh	0	12	0
179	412015	23	8	single	rented	no	Technical_writer	Gurgaon	Haryana	4	10	0
180	9352887	53	6	single	rented	yes	Technical_writer	Muzaffarnagar	Uttar_Pradesh	6	11	1
181	9226716	55	3	single	rented	no	Graphic_Designer	Aurangabad	Maharashtra	3	11	0
182	9364159	77	6	married	rented	no	Software_Developer	Bhavnagar	Gujarat	4	11	0
183	9934516	66	6	single	rented	yes	Hotel_Manager	Chinsurah	West_Bengal	6	14	0
184	884898	48	8	single	rented	yes	Artist	Bidar	Karnataka	8	10	0
185	5681211	79	18	single	rented	no	Web_designer	Ozhukarai	Puducherry	8	10	0
186	1185014	23	5	single	rented	no	Magistrate	Arrah	Bihar	5	13	0
187	9603186	43	5	single	rented	no	Microbiologist	Munger	Bihar	5	13	1
188	3489049	66	11	single	rented	no	Software_Developer	Tirunelveli	Tamil_Nadu	11	12	1
189	5653642	42	3	single	rented	no	Civil_engineer	Mumbai	Maharashtra	3	11	1
190	9899664	45	5	single	rented	no	Software_Developer	Bidhannagar	West_Bengal	5	10	0
191	6862187	22	7	single	rented	no	Scientist	Srinagar	Jammu_and_Kashmir	7	12	1
192	979926	61	14	single	rented	yes	Police_officer	Indore	Madhya_Pradesh	7	11	1
193	424671	64	15	single	rented	yes	Firefighter	Satna	Madhya_Pradesh	4	11	0
194	347930	64	5	single	rented	no	Politician	Proddatur	Andhra_Pradesh	5	12	0
195	8645202	65	9	single	owned	no	Technician	Mango	Jharkhand	9	13	0
196	2028733	38	4	single	rented	yes	Architect	Nashik	Maharashtra	4	11	0
197	7977722	69	19	married	rented	no	Flight_attendant	Morbi	Gujarat	14	12	0
198	6816106	31	20	single	rented	yes	Statistician	Adoni	Andhra_Pradesh	11	14	0
199	4853948	39	10	single	rented	no	Magistrate	Tirupati[21][22]	Andhra_Pradesh	10	10	0
200	227394	56	12	single	rented	no	Firefighter	Patna	Bihar	5	14	0
201	5330432	47	2	single	rented	yes	Chemical_engineer	Bidhannagar	West_Bengal	2	10	0
202	9830639	70	16	single	rented	no	Army_officer	Kadapa[23]	Andhra_Pradesh	5	11	0
203	4184636	55	2	single	rented	yes	Official	Amritsar	Punjab	2	10	0
204	2667227	76	6	single	rented	no	Official	"Khora,_Ghaziabad"	Uttar_Pradesh	6	14	0
205	4736350	38	13	single	rented	no	Microbiologist	Ambala	Haryana	6	13	1
206	5886958	60	16	single	rented	no	Analyst	Agra	Uttar_Pradesh	3	10	0
207	9845816	31	20	single	rented	no	Lawyer	Thanjavur	Tamil_Nadu	14	11	0
208	7512179	55	13	single	rented	no	Physician	Kanpur	Uttar_Pradesh	11	14	0
209	2603179	39	20	single	rented	yes	Politician	Siwan[32]	Bihar	13	11	0
210	9317473	63	20	single	rented	yes	Civil_servant	Gopalpur	West_Bengal	14	14	0
211	5616245	76	20	single	rented	yes	Surveyor	Kadapa[23]	Andhra_Pradesh	13	13	0
212	4110754	36	4	single	rented	no	Petroleum_Engineer	Ambattur	Tamil_Nadu	4	13	0
213	6305461	41	11	single	rented	yes	Air_traffic_controller	Mirzapur	Uttar_Pradesh	7	14	1
214	7552268	38	6	single	rented	no	Civil_engineer	Berhampore	West_Bengal	5	10	1
215	4334503	22	6	single	owned	no	Designer	Ratlam	Madhya_Pradesh	6	14	0
216	1328487	67	12	married	rented	no	Flight_attendant	Surendranagar_Dudhrej	Gujarat	7	10	0
217	152426	27	18	single	rented	no	Librarian	Delhi_city	Delhi	8	12	0
218	7992060	44	15	single	rented	no	Fashion_Designer	Nagaon	Assam	4	11	0
219	7357515	50	13	single	rented	yes	Fashion_Designer	Bhopal	Madhya_Pradesh	7	14	0
220	7115862	52	17	single	rented	no	Physician	Delhi_city	Delhi	14	11	0
221	1532701	79	2	single	rented	no	Graphic_Designer	Hapur	Uttar_Pradesh	2	12	0
222	4421612	79	20	single	rented	no	Firefighter	Rohtak	Haryana	8	11	0
223	9521305	77	9	single	rented	no	Consultant	Motihari[34]	Bihar	9	13	0
224	2433481	48	0	single	norent_noown	yes	Biomedical_Engineer	Durg	Chhattisgarh	0	14	0
225	6668221	66	20	single	rented	no	Industrial_Engineer	Ambarnath	Maharashtra	11	11	1
226	5109740	39	6	single	rented	no	Flight_attendant	Kanpur	Uttar_Pradesh	6	14	1
227	3902265	26	5	single	rented	no	Computer_hardware_engineer	Korba	Chhattisgarh	3	14	0
228	8602683	46	1	married	rented	no	Web_designer	Bangalore	Karnataka	1	10	0
229	7636933	44	4	single	rented	yes	Consultant	Shivpuri	Madhya_Pradesh	4	14	0
230	665309	69	11	single	rented	no	Hotel_Manager	Ichalkaranji	Maharashtra	11	11	0
231	9812058	72	1	single	rented	yes	Economist	Thrissur	Kerala	1	14	0
232	9999180	22	0	single	rented	no	Drafter	Bhavnagar	Gujarat	0	11	0
233	1126863	43	1	single	rented	no	Mechanical_engineer	Vijayanagaram	Andhra_Pradesh	1	11	0
234	8774556	63	2	single	rented	no	Flight_attendant	Howrah	West_Bengal	2	12	0
235	1882143	45	19	single	rented	yes	Magistrate	Farrukhabad	Uttar_Pradesh	4	14	1
236	7167762	49	14	single	rented	no	Firefighter	Bhopal	Madhya_Pradesh	12	14	1
237	7743419	71	15	single	rented	no	Scientist	Nangloi_Jat	Delhi	14	14	1
238	3562528	58	9	single	rented	no	Microbiologist	Madanapalle	Andhra_Pradesh	9	11	0
239	5323322	77	13	single	rented	no	Civil_engineer	Bangalore	Karnataka	13	10	0
240	5596467	26	17	single	rented	no	Mechanical_engineer	Parbhani	Maharashtra	4	13	0
241	9305585	69	8	single	rented	no	Official	Raiganj	West_Bengal	8	10	1
242	4539480	46	3	single	rented	yes	Fashion_Designer	Eluru[25]	Andhra_Pradesh	3	11	0
243	9480069	64	2	single	rented	no	Chartered_Accountant	Thoothukudi	Tamil_Nadu	2	10	0
244	9772105	29	12	single	rented	no	Aviator	Nagercoil	Tamil_Nadu	8	14	0
245	9507533	32	4	married	rented	no	Lawyer	Satna	Madhya_Pradesh	4	11	0
246	2218280	34	9	single	rented	no	Psychologist	Gaya	Bihar	9	11	0
247	2252443	77	0	single	rented	no	Surgeon	Chandigarh_city	Chandigarh	0	11	0
248	4525338	23	1	single	rented	no	Graphic_Designer	Ongole	Andhra_Pradesh	1	12	0
249	9984878	51	18	single	rented	yes	Comedian	Jammu[16]	Jammu_and_Kashmir	8	12	0
250	2285062	38	2	single	rented	no	Dentist	Kakinada	Andhra_Pradesh	2	12	0
251	6715263	29	0	single	rented	no	Surveyor	Dewas	Madhya_Pradesh	0	11	1
252	2959223	43	2	single	rented	no	Analyst	Ambala	Haryana	2	12	0
253	2370396	69	4	married	rented	no	Comedian	Shivpuri	Madhya_Pradesh	4	10	0
254	3426695	73	4	single	rented	no	Firefighter	Unnao	Uttar_Pradesh	4	14	0
255	1923950	50	12	single	rented	no	Geologist	Chandigarh_city	Chandigarh	3	14	0
256	2416807	70	10	single	rented	no	Firefighter	Bhalswa_Jahangir_Pur	Delhi	4	12	0
257	10310	70	20	single	rented	yes	Engineer	Baranagar	West_Bengal	7	14	0
258	2436026	50	4	single	rented	yes	Lawyer	Karimnagar	Telangana	4	10	0
259	5046084	62	7	married	rented	yes	Technician	Shivpuri	Madhya_Pradesh	6	14	0
260	6415225	54	13	single	rented	no	Flight_attendant	Firozabad	Uttar_Pradesh	3	13	0
261	1632386	43	20	single	rented	no	Army_officer	Gudivada	Andhra_Pradesh	11	14	1
262	6220011	57	19	single	owned	no	Engineer	Phusro	Jharkhand	14	14	0
263	461499	68	2	married	rented	no	Official	Allahabad	Uttar_Pradesh[5]	2	11	0
264	7579274	26	8	single	rented	no	Army_officer	Guna	Madhya_Pradesh	5	14	0
265	7291839	41	1	single	rented	yes	Surgeon	Thane	Maharashtra	1	12	1
266	7583437	74	13	single	owned	yes	Web_designer	Etawah	Uttar_Pradesh	9	13	0
267	9933885	65	12	single	rented	no	Comedian	Vasai-Virar	Maharashtra	4	11	0
268	4187964	78	2	single	rented	yes	Dentist	Pallavaram	Tamil_Nadu	2	10	1
269	5498131	61	15	single	rented	no	Industrial_Engineer	Amritsar	Punjab	7	13	0
270	3308198	76	10	single	rented	yes	Economist	Morena	Madhya_Pradesh	4	14	0
271	2452563	75	3	single	rented	no	Hotel_Manager	Kulti	West_Bengal	3	12	0
272	7877007	49	9	single	rented	no	Microbiologist	Amaravati	Andhra_Pradesh	9	10	0
273	7525294	43	11	single	rented	yes	Magistrate	Siliguri	West_Bengal	4	14	0
274	2062343	40	15	married	rented	yes	Aviator	Ballia	Uttar_Pradesh	14	11	0
275	6152756	49	3	married	rented	no	Psychologist	Surat	Gujarat	3	14	0
276	6325118	21	13	single	rented	no	Librarian	Burhanpur	Madhya_Pradesh	11	12	1
277	9043312	71	10	single	owned	no	Physician	Phagwara	Punjab	3	14	0
278	9344382	38	14	single	rented	yes	Secretary	Khandwa	Madhya_Pradesh	12	14	0
279	9173731	47	3	single	rented	no	Petroleum_Engineer	Hapur	Uttar_Pradesh	3	12	0
280	1996629	48	16	single	rented	no	Comedian	Farrukhabad	Uttar_Pradesh	9	14	0
281	2451457	31	9	married	rented	no	Politician	Bulandshahr	Uttar_Pradesh	9	12	0
282	4855342	24	0	single	rented	no	Lawyer	Ichalkaranji	Maharashtra	0	13	0
283	2955958	35	17	single	rented	yes	Computer_operator	Amravati	Maharashtra	7	11	1
284	6360265	31	18	single	rented	no	Scientist	Mumbai	Maharashtra	3	11	0
285	2183371	23	20	single	owned	no	Police_officer	Jhansi	Uttar_Pradesh	3	13	0
286	4718273	25	10	single	rented	no	Lawyer	Baranagar	West_Bengal	8	10	0
287	8459716	79	1	single	rented	no	Graphic_Designer	Mau	Uttar_Pradesh	1	14	0
288	2101952	46	18	single	rented	yes	Technical_writer	Berhampore	West_Bengal	7	14	0
289	4531094	41	6	single	rented	no	Magistrate	Unnao	Uttar_Pradesh	6	13	0
290	7362151	65	4	single	rented	no	Magistrate	Gurgaon	Haryana	3	11	0
291	6272411	69	2	married	rented	no	Aviator	Bhatpara	West_Bengal	2	10	0
292	7110369	35	7	single	rented	yes	Computer_hardware_engineer	Mangalore	Karnataka	3	11	0
293	7352225	78	14	married	rented	no	Firefighter	Rajpur_Sonarpur	West_Bengal	6	14	0
294	2442178	34	15	married	rented	no	Air_traffic_controller	Alwar	Rajasthan	10	13	0
295	6975092	73	9	single	rented	no	Architect	Kakinada	Andhra_Pradesh	9	13	0
296	6947233	62	10	single	rented	no	Technical_writer	Bidar	Karnataka	10	12	0
297	1818927	69	8	single	rented	no	Technical_writer	Mirzapur	Uttar_Pradesh	8	13	0
298	6197730	71	3	single	rented	no	Dentist	Mahbubnagar	Telangana	3	13	0
299	568591	65	5	single	rented	no	Firefighter	Kanpur	Uttar_Pradesh	5	11	0
300	7167873	61	0	single	rented	yes	Designer	Ambala	Haryana	0	11	1
301	2277429	42	18	single	rented	no	Analyst	Amaravati	Andhra_Pradesh	4	14	0
302	5697835	55	14	single	owned	no	Designer	Maheshtala	West_Bengal	6	14	0
303	9127290	22	11	single	rented	no	Web_designer	Ghaziabad	Uttar_Pradesh	3	14	1
304	8433425	63	13	married	rented	no	Graphic_Designer	South_Dumdum	West_Bengal	6	10	0
305	5419964	40	4	single	owned	yes	Computer_operator	Thoothukudi	Tamil_Nadu	4	13	0
306	9510775	48	3	single	rented	no	Petroleum_Engineer	Jehanabad[38]	Bihar	3	14	0
307	908803	22	18	single	rented	no	Librarian	Morena	Madhya_Pradesh	3	14	0
308	8010013	45	11	single	rented	no	Technical_writer	Hazaribagh	Jharkhand	7	14	0
309	5468664	30	2	single	rented	no	Chartered_Accountant	Kanpur	Uttar_Pradesh	2	14	1
310	6936269	46	9	single	rented	no	Firefighter	Eluru[25]	Andhra_Pradesh	8	14	0
311	6448514	30	6	single	rented	no	Magistrate	Bihar_Sharif	Bihar	6	10	0
312	667848	58	10	single	rented	no	Comedian	Faridabad	Haryana	8	12	0
313	6787542	22	0	single	norent_noown	no	Hotel_Manager	Phusro	Jharkhand	0	12	1
314	9348360	48	12	single	rented	yes	Financial_Analyst	Lucknow	Uttar_Pradesh	12	10	0
315	4543268	32	17	single	rented	no	Flight_attendant	Tenali	Andhra_Pradesh	3	13	0
316	8143086	22	3	single	rented	no	Flight_attendant	Barasat	West_Bengal	3	11	1
317	5714288	44	0	single	rented	no	Chartered_Accountant	Bangalore	Karnataka	0	14	0
318	4110066	43	0	single	rented	no	Designer	Amroha	Uttar_Pradesh	0	12	0
319	6668606	45	2	single	rented	no	Designer	Giridih	Jharkhand	2	10	0
320	2696703	57	14	single	rented	no	Chef	Begusarai	Bihar	14	12	0
321	8573668	57	15	single	rented	yes	Lawyer	Medininagar	Jharkhand	13	13	1
322	7086647	24	4	married	rented	no	Engineer	Ambattur	Tamil_Nadu	4	14	0
323	3342757	21	18	single	rented	no	Surgeon	Amravati	Maharashtra	9	14	0
324	2663598	63	15	single	rented	no	Software_Developer	Rajahmundry[19][20]	Andhra_Pradesh	11	12	0
325	1680177	33	18	single	owned	no	Industrial_Engineer	Sonipat	Haryana	6	11	1
326	854917	34	0	single	rented	no	Architect	Medininagar	Jharkhand	0	13	0
327	2485396	26	6	single	rented	no	Statistician	Gandhidham	Gujarat	6	14	0
328	3261742	36	11	single	rented	no	Consultant	Bhusawal	Maharashtra	4	10	0
329	6518572	76	17	single	owned	yes	Technology_specialist	Saharsa[29]	Bihar	14	12	0
330	4706227	76	6	single	rented	yes	Technical_writer	Haridwar	Uttarakhand	6	14	0
331	2429683	43	20	single	rented	no	Financial_Analyst	Siliguri	West_Bengal	14	11	1
332	7020077	63	9	single	rented	no	Mechanical_engineer	Ongole	Andhra_Pradesh	9	13	1
333	9815414	26	5	single	rented	no	Chartered_Accountant	New_Delhi	Delhi	5	14	1
334	2055989	25	18	single	rented	no	Scientist	Cuttack	Odisha	3	10	0
335	8593443	49	12	single	rented	no	Chef	Jalna	Maharashtra	9	14	0
336	67428	49	12	single	rented	no	Scientist	Vijayanagaram	Andhra_Pradesh	10	11	0
337	4356905	62	2	single	norent_noown	yes	Scientist	Meerut	Uttar_Pradesh	2	13	0
338	4496096	55	17	single	rented	yes	Librarian	Bhilai	Chhattisgarh	13	13	1
339	3419204	79	18	single	owned	no	Geologist	Kottayam	Kerala	3	12	0
340	4445947	53	17	single	rented	no	Technology_specialist	Coimbatore	Tamil_Nadu	4	14	1
341	2542814	55	10	single	rented	no	Consultant	Moradabad	Uttar_Pradesh	8	11	0
342	1670303	35	13	married	rented	no	Analyst	Berhampore	West_Bengal	5	14	0
343	661573	42	20	single	rented	yes	Analyst	Suryapet	Telangana	14	12	0
344	8867807	63	0	single	rented	yes	Scientist	Machilipatnam	Andhra_Pradesh	0	11	0
345	2132506	79	11	single	owned	no	Financial_Analyst	Panihati	West_Bengal	11	13	0
346	8739174	28	5	single	rented	no	Secretary	Dhanbad	Jharkhand	5	12	0
347	2432816	37	4	single	rented	no	Graphic_Designer	Singrauli	Madhya_Pradesh	4	12	0
348	9446738	55	2	single	rented	no	Design_Engineer	Mira-Bhayandar	Maharashtra	2	10	0
349	3148837	37	17	single	rented	yes	Psychologist	Bhagalpur	Bihar	13	13	0
350	8378891	40	10	single	rented	no	Chemical_engineer	Pali	Rajasthan	9	12	0
351	7660598	72	11	single	rented	no	Biomedical_Engineer	Navi_Mumbai	Maharashtra	11	13	1
352	5331462	57	20	single	rented	yes	Artist	Mehsana	Gujarat	8	14	0
353	4958467	76	2	single	rented	yes	Secretary	Singrauli	Madhya_Pradesh	2	11	0
354	1576088	37	13	single	rented	yes	Chef	Tiruppur	Tamil_Nadu	7	12	1
355	7867670	60	19	single	rented	no	Biomedical_Engineer	Bhavnagar	Gujarat	12	13	0
356	5531708	43	9	single	rented	yes	Technician	Imphal	Manipur	3	13	0
357	8776228	37	15	single	rented	yes	Magistrate	Burhanpur	Madhya_Pradesh	14	11	1
358	7702379	76	6	single	rented	no	Biomedical_Engineer	Vasai-Virar	Maharashtra	6	10	0
359	3722050	73	12	single	rented	no	Mechanical_engineer	Kolkata	West_Bengal	11	13	0
360	9910903	26	15	single	rented	yes	Consultant	Panihati	West_Bengal	3	11	0
361	6985683	77	13	single	rented	no	Physician	Kamarhati	West_Bengal	4	12	0
362	6952653	40	6	single	rented	no	Fashion_Designer	Sambalpur	Odisha	6	14	0
363	3991574	62	20	single	rented	no	Technical_writer	Jammu[16]	Jammu_and_Kashmir	7	10	0
364	7995914	71	0	single	rented	no	Petroleum_Engineer	Mangalore	Karnataka	0	10	0
365	6785181	32	11	single	rented	no	Drafter	Ujjain	Madhya_Pradesh	11	11	1
366	7455976	69	5	single	rented	yes	Fashion_Designer	Madhyamgram	West_Bengal	5	13	0
367	6190329	21	13	single	rented	no	Geologist	Jabalpur	Madhya_Pradesh	13	11	0
368	1672431	45	8	single	rented	no	Drafter	Jalandhar	Punjab	8	14	0
369	7339398	55	11	single	rented	no	Dentist	Jamalpur[36]	Bihar	10	11	0
370	4523349	28	2	single	rented	yes	Technical_writer	Ahmedabad	Gujarat	2	12	0
371	8262466	46	4	single	rented	no	Chemical_engineer	Phagwara	Punjab	4	13	0
372	5273396	30	13	single	rented	no	Physician	Proddatur	Andhra_Pradesh	4	11	0
373	780090	55	9	single	norent_noown	no	Surveyor	Gorakhpur	Uttar_Pradesh	9	14	1
374	3128681	59	4	single	owned	no	Drafter	Ludhiana	Punjab	4	12	0
375	3589662	42	18	single	rented	yes	Technical_writer	Bareilly	Uttar_Pradesh	13	13	0
376	6121261	23	15	single	rented	no	Civil_servant	Thane	Maharashtra	5	14	0
377	5817501	61	2	single	norent_noown	no	Hotel_Manager	Gangtok	Sikkim	2	10	0
378	9282569	77	10	single	rented	yes	Drafter	Anand	Gujarat	10	14	0
379	4510338	53	17	single	rented	no	Biomedical_Engineer	Hospet	Karnataka	5	10	1
380	3498735	38	3	single	rented	yes	Technician	New_Delhi	Delhi	3	14	0
381	8802134	69	5	single	rented	yes	Politician	Chennai	Tamil_Nadu	5	10	0
382	4594450	79	14	single	rented	no	Microbiologist	Shimla	Himachal_Pradesh	14	11	0
383	2703840	48	17	single	norent_noown	no	Computer_operator	Dehradun	Uttarakhand	5	14	0
384	4804358	79	19	single	rented	no	Statistician	Bareilly	Uttar_Pradesh	13	14	0
385	3983388	51	16	single	rented	no	Technical_writer	Hospet	Karnataka	5	14	0
386	4406911	45	3	single	rented	yes	Psychologist	Danapur	Bihar	3	14	0
387	6402349	68	7	single	rented	no	Technology_specialist	Kota[6]	Rajasthan	7	10	0
388	7922894	22	9	single	rented	yes	Computer_operator	Anantapuram[24]	Andhra_Pradesh	8	11	0
389	1853560	73	8	single	rented	no	Drafter	Sambalpur	Odisha	8	11	0
390	8693161	53	5	married	rented	yes	Industrial_Engineer	Proddatur	Andhra_Pradesh	3	10	0
391	3171323	21	17	single	rented	no	Industrial_Engineer	Shimla	Himachal_Pradesh	5	12	0
392	2704782	79	6	single	rented	no	Artist	Kakinada	Andhra_Pradesh	6	14	0
393	8190070	61	9	single	rented	yes	Mechanical_engineer	Bareilly	Uttar_Pradesh	3	12	0
394	4131397	33	17	single	rented	yes	Lawyer	Pune	Maharashtra	13	12	0
395	5881185	47	4	single	rented	no	Microbiologist	Satara	Maharashtra	4	13	0
396	321358	78	17	single	rented	no	Dentist	Alwar	Rajasthan	9	13	1
397	1625328	49	19	single	rented	yes	Firefighter	Ballia	Uttar_Pradesh	9	12	0
398	2653315	76	8	married	rented	no	Secretary	Vasai-Virar	Maharashtra	8	12	0
399	8698268	46	19	single	rented	yes	Computer_operator	Morbi	Gujarat	6	12	1
400	7497401	79	15	single	rented	yes	Comedian	Anand	Gujarat	4	10	0
401	9454655	35	7	single	rented	no	Magistrate	Srikakulam	Andhra_Pradesh	7	14	0
402	681770	28	5	single	rented	yes	Computer_operator	Agra	Uttar_Pradesh	5	14	0
403	8927753	25	17	single	rented	yes	Comedian	Raipur	Chhattisgarh	13	13	1
404	6246061	59	6	single	rented	no	Artist	Jodhpur	Rajasthan	5	11	0
405	4074914	40	16	married	rented	yes	Police_officer	Jamnagar	Gujarat	9	14	0
406	4273001	62	14	single	norent_noown	yes	Politician	Darbhanga	Bihar	14	14	1
407	1904060	72	8	single	rented	no	Computer_operator	Meerut	Uttar_Pradesh	8	14	0
408	4788890	62	5	married	rented	no	Police_officer	Ambattur	Tamil_Nadu	5	12	0
409	5808564	65	16	married	norent_noown	no	Fashion_Designer	Ajmer	Rajasthan	14	10	0
410	1509327	51	0	married	rented	yes	Biomedical_Engineer	Nizamabad	Telangana	0	11	0
411	8944435	51	2	single	rented	no	Mechanical_engineer	Belgaum	Karnataka	2	11	0
412	527900	61	9	single	rented	yes	Economist	Meerut	Uttar_Pradesh	9	10	1
413	2530244	47	1	single	rented	no	Designer	Ambarnath	Maharashtra	1	13	0
414	7914034	23	2	single	rented	no	Chef	Gulbarga	Karnataka	2	10	1
415	8160444	30	19	single	rented	no	Aviator	Korba	Chhattisgarh	10	12	0
416	8500708	28	3	single	rented	no	Statistician	Belgaum	Karnataka	3	12	0
417	1850597	55	12	single	norent_noown	no	Consultant	Nandyal	Andhra_Pradesh	12	10	0
418	9516861	67	0	single	rented	no	Engineer	Dehri[30]	Bihar	0	13	0
419	9800971	62	14	single	rented	no	Aviator	Jorhat	Assam	3	13	0
420	9049657	25	12	single	rented	no	Geologist	Baranagar	West_Bengal	12	12	0
421	8510110	49	15	single	rented	no	Statistician	Ranchi	Jharkhand	13	14	0
422	8230848	34	3	single	rented	no	Official	Serampore	West_Bengal	3	14	0
423	5615027	23	14	single	rented	yes	Civil_engineer	Dehradun	Uttarakhand	14	14	0
424	3460548	36	13	single	rented	no	Web_designer	Kumbakonam	Tamil_Nadu	5	13	0
425	7847940	64	16	single	rented	yes	Computer_operator	Malegaon	Maharashtra	10	11	1
426	2901323	56	2	married	rented	yes	Chartered_Accountant	Cuttack	Odisha	2	10	0
427	6722440	47	7	single	rented	no	Graphic_Designer	Panvel	Maharashtra	7	11	1
428	2259654	42	2	single	rented	no	Mechanical_engineer	Davanagere	Karnataka	2	10	1
429	7667495	24	3	married	rented	no	Petroleum_Engineer	Parbhani	Maharashtra	3	14	0
430	3890518	64	19	single	rented	no	Scientist	Shimla	Himachal_Pradesh	12	10	0
431	4436534	52	1	single	rented	no	Technical_writer	Dehri[30]	Bihar	1	14	0
432	4888019	73	14	single	rented	no	Army_officer	Guntakal	Andhra_Pradesh	11	10	0
433	6588340	29	3	single	rented	no	Architect	Sagar	Madhya_Pradesh	3	11	0
434	9241363	62	18	single	rented	yes	Computer_operator	Secunderabad	Telangana	5	11	1
435	7592145	68	20	single	rented	yes	Industrial_Engineer	Shivpuri	Madhya_Pradesh	4	10	0
436	8491491	61	20	single	rented	no	Comedian	Haldia	West_Bengal	8	11	0
437	368667	48	2	married	rented	no	Computer_operator	Moradabad	Uttar_Pradesh	2	13	0
438	7779633	57	10	single	rented	no	Analyst	Tirunelveli	Tamil_Nadu	10	13	0
439	9078403	25	18	married	rented	no	Official	Vijayanagaram	Andhra_Pradesh	9	12	0
440	2562525	54	8	single	rented	yes	Software_Developer	Loni	Uttar_Pradesh	8	11	0
441	8914067	77	18	single	rented	yes	Economist	Delhi_city	Delhi	10	11	0
442	842278	30	18	single	rented	yes	Physician	Pimpri-Chinchwad	Maharashtra	3	14	0
443	2336237	66	6	single	rented	no	Financial_Analyst	Rajkot	Gujarat	4	10	0
444	2808095	24	11	married	rented	no	Industrial_Engineer	Nanded	Maharashtra	6	14	0
445	9434706	30	9	single	rented	no	Secretary	Shimoga	Karnataka	9	13	0
446	8633347	27	4	single	rented	no	Microbiologist	Aizawl	Mizoram	4	14	0
447	8458367	79	1	single	rented	no	Aviator	Nadiad	Gujarat	1	10	0
448	8273187	69	0	single	rented	no	Artist	Raipur	Chhattisgarh	0	14	0
449	842194	27	16	single	rented	no	Engineer	Guna	Madhya_Pradesh	10	11	0
450	630441	37	4	single	rented	no	Secretary	Ranchi	Jharkhand	4	11	0
451	7891663	64	6	single	rented	no	Politician	Akola	Maharashtra	6	10	0
452	7894460	25	5	single	owned	no	Secretary	Machilipatnam	Andhra_Pradesh	5	10	0
453	4846957	75	2	single	rented	yes	Psychologist	Noida	Uttar_Pradesh	2	10	0
454	3272246	72	7	single	rented	yes	Surveyor	Kulti	West_Bengal	7	14	0
455	649902	54	15	single	rented	no	Technician	Aurangabad	Maharashtra	8	11	1
456	9186273	50	20	single	rented	no	Microbiologist	Madanapalle	Andhra_Pradesh	10	14	0
457	8576968	35	18	single	rented	no	Drafter	Ambattur	Tamil_Nadu	5	12	0
458	5492355	28	2	single	rented	yes	Hotel_Manager	Suryapet	Telangana	2	11	0
459	9215066	69	11	single	rented	no	Magistrate	Gaya	Bihar	11	10	1
460	4432283	61	5	single	rented	no	Lawyer	Tiruchirappalli[10]	Tamil_Nadu	5	10	1
461	7467167	57	6	single	rented	no	Economist	Bellary	Karnataka	6	11	0
462	4147754	21	18	single	rented	no	Police_officer	Kolkata	West_Bengal	8	12	0
463	7124175	44	15	single	rented	yes	Chemical_engineer	Kirari_Suleman_Nagar	Delhi	7	10	1
464	1964155	51	13	single	rented	no	Physician	Shivpuri	Madhya_Pradesh	7	10	0
465	7591621	41	6	single	owned	no	Artist	Jaunpur	Uttar_Pradesh	3	14	1
466	3595993	49	6	single	rented	no	Civil_engineer	Ujjain	Madhya_Pradesh	6	14	0
467	5867167	60	14	married	rented	no	Lawyer	Bilaspur	Chhattisgarh	6	12	0
468	9254833	63	13	single	rented	yes	Fashion_Designer	Sambhal	Uttar_Pradesh	10	10	0
469	4371590	66	19	single	rented	yes	Flight_attendant	Bhatpara	West_Bengal	3	12	0
470	549476	47	1	single	rented	no	Fashion_Designer	Dhule	Maharashtra	1	10	1
471	5628436	48	13	single	rented	no	Computer_hardware_engineer	Danapur	Bihar	10	10	1
472	8893842	74	17	single	rented	yes	Dentist	Ghaziabad	Uttar_Pradesh	9	14	0
473	223993	54	7	single	rented	no	Physician	Rourkela	Odisha	7	11	1
474	7469378	62	0	single	rented	yes	Financial_Analyst	Korba	Chhattisgarh	0	10	0
475	1462402	48	4	single	rented	no	Engineer	Malda	West_Bengal	4	11	0
476	6453233	68	13	single	rented	no	Drafter	Thiruvananthapuram	Kerala	13	14	0
477	9304920	44	6	single	rented	no	Physician	Dharmavaram	Andhra_Pradesh	6	11	0
478	5445375	52	19	single	rented	no	Psychologist	Kulti	West_Bengal	5	12	0
479	706809	71	3	single	rented	no	Librarian	Coimbatore	Tamil_Nadu	3	13	1
480	5169846	54	13	single	rented	no	Magistrate	Nellore[14][15]	Andhra_Pradesh	5	10	0
481	4614035	42	15	single	rented	no	Flight_attendant	Miryalaguda	Telangana	13	14	0
482	126261	69	6	single	rented	no	Politician	Berhampore	West_Bengal	4	11	0
483	4149976	35	15	married	owned	no	Drafter	Ludhiana	Punjab	10	12	0
484	133954	27	15	single	rented	no	Software_Developer	Sambhal	Uttar_Pradesh	11	13	0
485	4824858	58	15	single	rented	no	Hotel_Manager	Surat	Gujarat	8	11	1
486	6118570	53	14	married	rented	no	Technology_specialist	Dehradun	Uttarakhand	14	13	0
487	5603227	62	9	single	rented	no	Politician	Ulhasnagar	Maharashtra	4	12	0
488	3638802	76	5	married	norent_noown	yes	Civil_servant	Aizawl	Mizoram	5	10	0
489	9468291	32	0	single	rented	no	Geologist	Visakhapatnam[4]	Andhra_Pradesh	0	12	0
490	3985432	47	13	single	rented	no	Technician	Faridabad	Haryana	4	12	0
491	4493999	57	0	single	rented	no	Technician	Karawal_Nagar	Delhi	0	14	0
492	7884489	25	14	single	rented	no	Graphic_Designer	Dhule	Maharashtra	9	13	0
493	2717090	71	2	single	norent_noown	yes	Surgeon	Kottayam	Kerala	2	10	0
494	2192899	45	12	single	rented	no	Drafter	Giridih	Jharkhand	6	10	0
495	1988524	50	6	single	rented	no	Surveyor	Jaipur	Rajasthan	6	13	1
496	8644938	26	11	married	rented	no	Architect	South_Dumdum	West_Bengal	9	10	0
497	4070923	23	6	single	rented	yes	Economist	Aligarh	Uttar_Pradesh	6	11	0
498	1966474	26	16	single	rented	yes	Biomedical_Engineer	Visakhapatnam[4]	Andhra_Pradesh	4	10	1
499	3215432	37	6	single	rented	yes	Consultant	Haridwar	Uttarakhand	6	12	0
500	28561	63	13	single	rented	yes	Scientist	Ranchi	Jharkhand	13	12	0
501	8145890	48	5	single	rented	yes	Software_Developer	Avadi	Tamil_Nadu	5	11	0
502	3516704	54	17	single	rented	no	Air_traffic_controller	Vellore	Tamil_Nadu	13	10	0
503	1609239	47	3	single	rented	no	Flight_attendant	Tumkur	Karnataka	3	14	0
504	5714975	41	10	single	rented	yes	Petroleum_Engineer	Dhule	Maharashtra	10	14	0
505	2207248	49	19	single	rented	yes	Design_Engineer	Raipur	Chhattisgarh	3	12	0
506	3426767	67	1	single	rented	no	Microbiologist	Bhimavaram	Andhra_Pradesh	1	12	0
507	3330944	52	7	single	norent_noown	no	Biomedical_Engineer	Thanjavur	Tamil_Nadu	7	10	0
508	976533	48	2	single	rented	no	Statistician	Bardhaman	West_Bengal	2	10	1
509	714898	54	9	single	rented	yes	Fashion_Designer	Ulhasnagar	Maharashtra	9	12	0
510	3177996	28	1	single	rented	no	Comedian	Nizamabad	Telangana	1	12	0
511	9215889	37	15	single	rented	no	Flight_attendant	Tiruppur	Tamil_Nadu	9	13	0
512	5736165	57	1	single	rented	no	Engineer	Nagaon	Assam	1	10	0
513	1578598	50	11	single	rented	no	Software_Developer	Mau	Uttar_Pradesh	11	11	1
514	1604428	66	20	single	rented	no	Physician	Sambalpur	Odisha	12	14	1
515	6834599	69	12	married	rented	no	Computer_operator	Jehanabad[38]	Bihar	12	10	0
516	414060	64	16	single	norent_noown	no	Financial_Analyst	Kadapa[23]	Andhra_Pradesh	14	11	1
517	2889903	27	0	single	rented	no	Flight_attendant	Kolkata	West_Bengal	0	12	0
518	3958023	39	19	single	rented	no	Chef	Jamshedpur	Jharkhand	5	11	0
519	1598789	60	14	single	rented	no	Chartered_Accountant	Ujjain	Madhya_Pradesh	5	13	0
520	2407726	75	16	single	rented	yes	Technical_writer	Arrah	Bihar	5	12	0
521	3643303	79	0	single	rented	no	Economist	Kishanganj[35]	Bihar	0	12	0
522	220528	72	18	married	rented	no	Technology_specialist	Hapur	Uttar_Pradesh	4	12	0
523	8079960	53	2	single	rented	no	Army_officer	Purnia[26]	Bihar	2	10	1
524	9126131	29	18	single	rented	no	Hotel_Manager	Tirunelveli	Tamil_Nadu	9	12	0
525	7840891	54	9	married	rented	yes	Civil_engineer	Silchar	Assam	6	14	0
526	163900	61	7	single	rented	no	Economist	Gulbarga	Karnataka	5	14	0
527	5269140	26	9	single	rented	no	Graphic_Designer	Suryapet	Telangana	3	13	0
528	5915580	68	20	single	rented	no	Hotel_Manager	Buxar[37]	Bihar	7	10	1
529	1700810	79	1	single	rented	no	Financial_Analyst	Bardhaman	West_Bengal	1	12	0
530	7533473	70	12	single	norent_noown	yes	Software_Developer	Ambattur	Tamil_Nadu	4	14	0
531	3508614	32	11	single	rented	no	Economist	Jhansi	Uttar_Pradesh	8	13	0
532	2740172	72	16	single	rented	no	Engineer	New_Delhi	Delhi	10	13	0
533	7503211	57	6	single	rented	no	Geologist	Indore	Madhya_Pradesh	6	10	0
534	4912024	63	20	single	rented	yes	Consultant	Raiganj	West_Bengal	4	14	0
535	8370021	40	5	single	rented	no	Technical_writer	Gulbarga	Karnataka	5	14	0
536	1171901	57	10	single	norent_noown	yes	Financial_Analyst	Buxar[37]	Bihar	9	12	0
537	5484464	58	2	single	rented	yes	Technical_writer	Nanded	Maharashtra	2	12	0
538	2902285	77	19	single	rented	no	Graphic_Designer	Gudivada	Andhra_Pradesh	11	10	1
539	2799879	44	0	single	rented	no	Microbiologist	Jabalpur	Madhya_Pradesh	0	11	0
540	1322234	31	1	single	rented	yes	Official	Pimpri-Chinchwad	Maharashtra	1	14	0
541	121035	71	12	single	rented	no	Police_officer	Kavali	Andhra_Pradesh	11	13	0
542	4915233	76	5	single	rented	no	Designer	South_Dumdum	West_Bengal	3	11	0
543	5397462	39	12	single	rented	yes	Fashion_Designer	Gulbarga	Karnataka	12	13	0
544	4939664	61	14	married	rented	yes	Financial_Analyst	Danapur	Bihar	4	12	0
545	7563306	55	15	single	rented	no	Technician	Kollam	Kerala	12	12	1
546	9368529	59	7	single	rented	no	Designer	Dibrugarh	Assam	7	10	1
547	16045	56	5	single	norent_noown	no	Technician	Thane	Maharashtra	5	10	0
548	1026972	64	1	single	rented	no	Surveyor	Siliguri	West_Bengal	1	13	0
549	5897750	76	14	single	rented	no	Chef	Anand	Gujarat	5	11	0
550	5623318	31	13	single	rented	yes	Fashion_Designer	Thane	Maharashtra	13	11	0
551	8900631	47	6	single	rented	no	Fashion_Designer	Thiruvananthapuram	Kerala	6	12	0
552	1139981	60	12	single	rented	no	Civil_engineer	Ambattur	Tamil_Nadu	12	12	1
553	1902583	21	2	single	rented	no	Lawyer	Tiruchirappalli[10]	Tamil_Nadu	2	11	0
554	6814983	51	18	single	rented	no	Software_Developer	Ballia	Uttar_Pradesh	14	11	0
555	340075	45	0	single	rented	no	Industrial_Engineer	Bulandshahr	Uttar_Pradesh	0	13	1
556	8837967	35	14	single	rented	yes	Economist	Deoghar	Jharkhand	10	14	0
557	4796189	51	16	single	rented	no	Fashion_Designer	Saharanpur	Uttar_Pradesh	12	12	0
558	9148621	43	9	single	rented	no	Police_officer	Bilaspur	Chhattisgarh	3	12	0
559	2324042	45	16	single	rented	no	Drafter	Agartala	Tripura	13	13	0
560	1066119	69	16	single	rented	yes	Technician	Gorakhpur	Uttar_Pradesh	12	11	1
561	6298839	34	19	married	rented	yes	Petroleum_Engineer	Bidar	Karnataka	5	13	0
562	6509681	30	10	single	rented	yes	Industrial_Engineer	Nadiad	Gujarat	10	10	0
563	3859838	62	13	single	rented	yes	Graphic_Designer	Baranagar	West_Bengal	7	13	0
564	2940425	77	16	single	rented	yes	Drafter	Farrukhabad	Uttar_Pradesh	7	10	1
565	2122622	59	8	single	rented	no	Chemical_engineer	Dhanbad	Jharkhand	8	14	0
566	6963246	35	16	single	rented	no	Industrial_Engineer	Gurgaon	Haryana	14	12	1
567	7932482	34	11	single	rented	no	Air_traffic_controller	Thrissur	Kerala	11	14	0
568	5965932	74	3	single	rented	no	Army_officer	Giridih	Jharkhand	3	13	1
569	1000979	41	19	single	rented	yes	Physician	Tezpur	Assam	5	13	0
570	4792641	40	15	single	rented	yes	Software_Developer	Kakinada	Andhra_Pradesh	13	10	0
571	6120219	25	8	single	rented	no	Software_Developer	Hajipur[31]	Bihar	3	13	1
572	2926477	78	19	single	rented	no	Physician	Firozabad	Uttar_Pradesh	3	10	1
573	6800688	78	5	single	rented	no	Graphic_Designer	Mango	Jharkhand	5	14	1
574	1551179	24	19	single	rented	no	Drafter	Allahabad	Uttar_Pradesh[5]	9	14	0
575	9756211	45	8	single	rented	yes	Politician	Bhusawal	Maharashtra	8	10	1
576	9976498	69	12	single	rented	no	Drafter	Guna	Madhya_Pradesh	12	10	0
577	9407809	66	3	single	rented	no	Army_officer	Ongole	Andhra_Pradesh	3	13	1
578	6002096	32	14	single	rented	no	Secretary	Ramagundam[27]	Telangana	3	13	1
579	9272937	75	18	single	rented	yes	Technology_specialist	Jehanabad[38]	Bihar	7	13	0
580	4145727	27	11	single	rented	no	Fashion_Designer	Panvel	Maharashtra	6	12	1
581	7993188	66	6	single	norent_noown	no	Civil_servant	Raipur	Chhattisgarh	6	10	0
582	4272756	29	6	single	rented	no	Surveyor	Danapur	Bihar	6	13	0
583	294610	49	16	single	rented	no	Computer_hardware_engineer	Yamunanagar	Haryana	6	13	0
584	6201762	46	1	single	rented	no	Lawyer	Kochi	Kerala	1	10	1
585	6602095	62	15	single	rented	no	Surveyor	Sri_Ganganagar	Rajasthan	8	14	0
586	9222108	78	9	single	rented	no	Biomedical_Engineer	Singrauli	Madhya_Pradesh	9	12	0
587	4510519	73	3	single	owned	yes	Magistrate	Madurai	Tamil_Nadu	3	10	1
588	2608473	77	20	single	rented	no	Dentist	Muzaffarnagar	Uttar_Pradesh	6	13	0
589	5321383	40	2	single	rented	no	Aviator	Nagpur	Maharashtra	2	13	0
590	2318528	33	8	single	rented	no	Software_Developer	Gaya	Bihar	8	11	0
591	3372296	26	10	married	rented	no	Magistrate	Indore	Madhya_Pradesh	10	12	0
592	1441334	77	20	single	rented	no	Engineer	Nagaon	Assam	12	12	0
593	5663627	29	0	married	rented	yes	Chef	Guna	Madhya_Pradesh	0	14	0
594	5707558	57	9	single	rented	no	Economist	Jaipur	Rajasthan	9	10	0
595	5335142	79	4	single	rented	yes	Consultant	Malegaon	Maharashtra	4	13	0
596	6104309	30	3	single	rented	no	Librarian	Morbi	Gujarat	3	12	0
597	2265601	72	16	single	rented	no	Comedian	Buxar[37]	Bihar	5	12	0
598	5885687	39	20	single	rented	no	Computer_hardware_engineer	Silchar	Assam	3	13	0
599	8056757	42	18	single	rented	no	Official	Unnao	Uttar_Pradesh	3	13	0
600	1306929	66	14	single	rented	no	Engineer	Raichur	Karnataka	11	10	0
601	8600643	48	17	single	owned	no	Surveyor	Darbhanga	Bihar	6	13	0
602	7184863	49	19	single	rented	no	Flight_attendant	Cuttack	Odisha	7	13	0
603	4449069	36	17	single	owned	yes	Magistrate	Sasaram[30]	Bihar	7	11	0
604	2737514	58	14	single	rented	no	Technician	Visakhapatnam[4]	Andhra_Pradesh	13	10	0
605	4370986	31	9	single	rented	no	Engineer	Mumbai	Maharashtra	4	12	0
606	8692016	22	10	single	rented	yes	Graphic_Designer	Hazaribagh	Jharkhand	8	13	0
607	9908353	68	3	single	rented	yes	Librarian	Sikar	Rajasthan	3	13	0
608	4143099	21	3	single	rented	no	Technology_specialist	Visakhapatnam[4]	Andhra_Pradesh	3	11	0
609	358155	26	3	single	rented	no	Chef	Bally	West_Bengal	3	14	0
610	1097615	59	15	married	rented	no	Technician	Yamunanagar	Haryana	5	14	0
611	7098940	60	5	single	rented	yes	Librarian	Aligarh	Uttar_Pradesh	5	11	0
612	346205	68	14	single	rented	no	Police_officer	Bhiwani	Haryana	6	13	0
613	2889220	34	18	single	rented	yes	Financial_Analyst	Navi_Mumbai	Maharashtra	13	14	0
614	1040029	46	5	single	rented	yes	Software_Developer	Aizawl	Mizoram	5	10	0
615	150879	77	0	single	norent_noown	yes	Lawyer	Rampur	Uttar_Pradesh	0	12	0
616	9658695	74	19	single	rented	no	Fashion_Designer	Panihati	West_Bengal	8	11	0
617	893955	28	8	married	rented	no	Geologist	Bally	West_Bengal	3	14	0
618	8755938	42	20	single	rented	yes	Biomedical_Engineer	Delhi_city	Delhi	14	13	1
619	6471065	68	10	single	owned	yes	Hotel_Manager	Erode[17]	Tamil_Nadu	5	14	0
620	3251968	76	17	single	rented	no	Geologist	Malda	West_Bengal	9	11	0
621	4683990	33	9	single	rented	yes	Physician	Panihati	West_Bengal	9	11	0
622	1477651	50	15	single	rented	no	Surveyor	Dewas	Madhya_Pradesh	8	13	0
623	5890358	43	4	single	rented	no	Magistrate	Thiruvananthapuram	Kerala	4	13	0
624	6106749	43	9	single	rented	no	Physician	Pallavaram	Tamil_Nadu	9	13	0
625	6832550	53	20	single	rented	yes	Psychologist	Deoghar	Jharkhand	13	11	0
626	333430	34	6	single	rented	yes	Army_officer	Kalyan-Dombivli	Maharashtra	6	11	0
627	3729339	73	3	single	rented	no	Biomedical_Engineer	Bidhannagar	West_Bengal	3	14	0
628	6549582	31	7	single	rented	yes	Architect	Guntakal	Andhra_Pradesh	7	11	1
629	4916345	73	8	single	rented	yes	Air_traffic_controller	Raiganj	West_Bengal	8	12	1
630	8097242	43	1	single	owned	yes	Fashion_Designer	Asansol	West_Bengal	1	10	0
631	2359192	57	1	single	rented	no	Chartered_Accountant	Lucknow	Uttar_Pradesh	1	14	0
632	7462582	72	12	single	rented	no	Chemical_engineer	Belgaum	Karnataka	12	10	0
633	117262	65	15	single	rented	no	Biomedical_Engineer	Uluberia	West_Bengal	12	12	0
634	2582515	27	14	single	rented	yes	Design_Engineer	Anantapuram[24]	Andhra_Pradesh	14	13	0
635	6129612	42	13	single	owned	no	Microbiologist	Amaravati	Andhra_Pradesh	6	12	0
636	3662229	39	0	single	rented	no	Civil_engineer	Buxar[37]	Bihar	0	14	0
637	4140213	45	6	single	rented	no	Flight_attendant	Parbhani	Maharashtra	6	14	0
638	8669868	63	10	single	rented	no	Surgeon	Kozhikode	Kerala	6	11	0
639	222070	21	19	single	rented	no	Biomedical_Engineer	Munger	Bihar	14	13	0
640	9768431	72	4	single	owned	yes	Engineer	Hapur	Uttar_Pradesh	4	14	0
641	6251533	50	16	single	rented	yes	Design_Engineer	Adoni	Andhra_Pradesh	4	11	0
642	1016509	42	12	single	rented	no	Politician	Alappuzha	Kerala	10	13	0
643	4954873	46	19	single	rented	no	Flight_attendant	Mau	Uttar_Pradesh	5	13	0
644	2267190	52	15	single	rented	no	Computer_operator	Hapur	Uttar_Pradesh	9	11	0
645	5082664	41	12	single	rented	yes	Police_officer	Barasat	West_Bengal	5	12	1
646	9241745	23	10	single	rented	no	Web_designer	Madhyamgram	West_Bengal	10	11	0
647	2822951	45	8	single	rented	yes	Fashion_Designer	Vijayanagaram	Andhra_Pradesh	8	14	0
648	853211	40	5	single	rented	no	Civil_servant	Tirunelveli	Tamil_Nadu	5	10	0
649	9559493	77	3	single	rented	no	Army_officer	Sirsa	Haryana	3	13	0
650	2376301	49	17	single	owned	no	Geologist	Mehsana	Gujarat	4	13	0
651	3711307	22	20	single	rented	yes	Economist	Ozhukarai	Puducherry	10	12	1
652	1215004	25	5	single	rented	no	Firefighter	Jalna	Maharashtra	5	10	0
653	1975710	42	3	single	rented	yes	Politician	Singrauli	Madhya_Pradesh	3	11	0
654	5203541	30	17	single	rented	no	Physician	Sangli-Miraj_&_Kupwad	Maharashtra	8	13	0
655	9605668	25	17	single	rented	yes	Dentist	Bardhaman	West_Bengal	8	14	0
656	6986458	35	11	single	rented	no	Librarian	Chinsurah	West_Bengal	8	14	0
657	8823581	27	15	single	rented	no	Police_officer	Satna	Madhya_Pradesh	10	12	0
658	7145203	44	6	single	owned	yes	Industrial_Engineer	Kamarhati	West_Bengal	3	14	0
659	1202104	69	4	single	rented	yes	Engineer	Malda	West_Bengal	4	12	0
660	3159546	75	5	married	rented	no	Librarian	Karawal_Nagar	Delhi	3	13	0
661	4206929	73	8	single	rented	no	Technical_writer	Hosur	Tamil_Nadu	8	11	1
662	6019535	75	9	single	rented	yes	Surveyor	Nadiad	Gujarat	3	13	0
663	7172998	36	16	single	rented	no	Dentist	Kurnool[18]	Andhra_Pradesh	9	13	0
664	6175598	49	18	single	rented	yes	Geologist	Ahmedabad	Gujarat	6	13	0
665	3623971	21	7	single	rented	no	Magistrate	Bellary	Karnataka	7	13	0
666	2024213	38	19	single	rented	no	Comedian	Durg	Chhattisgarh	8	14	1
667	3283513	25	17	married	owned	no	Architect	Shivpuri	Madhya_Pradesh	4	13	0
668	1413733	25	2	single	rented	yes	Architect	Sri_Ganganagar	Rajasthan	2	14	0
669	7564205	36	10	single	rented	no	Consultant	Nadiad	Gujarat	10	13	0
670	9500602	70	16	single	rented	no	Firefighter	Rampur	Uttar_Pradesh	14	13	0
671	4360408	47	19	single	rented	no	Industrial_Engineer	Ratlam	Madhya_Pradesh	6	13	0
672	1108189	41	6	single	rented	no	Artist	Kulti	West_Bengal	6	10	0
673	5809456	72	16	single	rented	yes	Comedian	Medininagar	Jharkhand	4	10	0
674	9533689	61	6	married	rented	no	Fashion_Designer	Panihati	West_Bengal	4	13	0
675	2721517	62	6	single	rented	no	Statistician	Thanjavur	Tamil_Nadu	6	10	0
676	4702825	59	8	single	rented	no	Dentist	Indore	Madhya_Pradesh	5	13	0
677	1112644	23	16	single	rented	yes	Official	Navi_Mumbai	Maharashtra	6	10	1
678	7648698	68	16	single	rented	yes	Psychologist	Jhansi	Uttar_Pradesh	13	10	0
679	8881776	49	13	single	rented	no	Architect	Berhampur	Odisha	13	12	0
680	9099029	64	9	married	rented	yes	Chartered_Accountant	Bulandshahr	Uttar_Pradesh	7	10	0
681	7341279	50	0	single	rented	no	Industrial_Engineer	Rajpur_Sonarpur	West_Bengal	0	11	0
682	1169151	61	17	single	rented	no	Drafter	Hajipur[31]	Bihar	7	13	0
683	6389669	33	13	married	rented	no	Chartered_Accountant	Bareilly	Uttar_Pradesh	11	11	0
684	8141031	23	17	single	rented	no	Secretary	Vijayanagaram	Andhra_Pradesh	3	11	0
685	7302729	70	14	single	rented	no	Aviator	Bongaigaon	Assam	11	11	0
686	5421595	45	4	single	rented	no	Air_traffic_controller	Giridih	Jharkhand	4	12	1
687	9104150	70	14	single	rented	no	Technology_specialist	Hajipur[31]	Bihar	11	10	0
688	1303925	57	11	single	rented	no	Secretary	Katihar	Bihar	11	14	0
689	4588175	49	20	single	rented	no	Secretary	Bilaspur	Chhattisgarh	6	11	0
690	1099947	48	0	single	rented	no	Librarian	Surat	Gujarat	0	10	0
691	1990293	54	15	single	rented	no	Web_designer	Nagpur	Maharashtra	4	10	0
692	3306281	33	16	single	rented	no	Engineer	Machilipatnam	Andhra_Pradesh	8	12	1
693	8744579	34	3	married	rented	yes	Web_designer	Bikaner	Rajasthan	3	12	0
694	9121364	70	18	single	rented	no	Artist	Sikar	Rajasthan	3	11	0
695	1585215	64	9	single	rented	no	Politician	Karnal	Haryana	9	10	0
696	1512050	70	7	single	rented	no	Librarian	Sasaram[30]	Bihar	7	14	0
697	2707807	35	12	single	rented	no	Civil_engineer	Ambarnath	Maharashtra	4	13	0
698	4279587	56	11	single	rented	yes	Chemical_engineer	Siliguri	West_Bengal	11	10	0
699	445268	57	17	single	rented	no	Technician	Vellore	Tamil_Nadu	9	13	0
700	7767858	29	0	married	rented	no	Physician	Yamunanagar	Haryana	0	10	0
701	3548901	67	11	single	rented	yes	Web_designer	Pallavaram	Tamil_Nadu	9	11	0
702	165198	77	8	single	rented	yes	Technical_writer	Nagaon	Assam	6	11	0
703	2598882	23	0	single	rented	no	Scientist	Imphal	Manipur	0	14	0
704	4477660	30	0	married	rented	yes	Lawyer	Saharanpur	Uttar_Pradesh	0	14	0
705	4608251	59	0	single	rented	no	Flight_attendant	Korba	Chhattisgarh	0	10	0
706	5101498	55	0	married	rented	no	Artist	Pallavaram	Tamil_Nadu	0	14	0
707	3423478	76	9	single	rented	no	Computer_hardware_engineer	Suryapet	Telangana	4	10	1
708	7536082	29	1	single	rented	yes	Fashion_Designer	Bhiwandi	Maharashtra	1	11	0
709	166480	36	8	single	rented	yes	Police_officer	Visakhapatnam[4]	Andhra_Pradesh	8	11	1
710	4758365	66	8	married	rented	no	Software_Developer	Bikaner	Rajasthan	8	11	0
711	3608658	70	18	single	rented	no	Computer_operator	Burhanpur	Madhya_Pradesh	4	11	0
712	4112102	46	15	single	rented	no	Chef	Mangalore	Karnataka	5	13	1
713	5831264	32	1	single	rented	no	Consultant	Tenali	Andhra_Pradesh	1	11	0
714	7040268	47	19	single	rented	yes	Software_Developer	Bhalswa_Jahangir_Pur	Delhi	11	13	0
715	488193	71	18	single	rented	no	Economist	Guna	Madhya_Pradesh	8	10	0
716	7338543	34	9	single	rented	no	Microbiologist	Bilaspur	Chhattisgarh	3	12	0
717	2888327	52	19	single	rented	yes	Drafter	Hajipur[31]	Bihar	8	12	0
718	5386630	75	12	single	rented	no	Microbiologist	Muzaffarpur	Bihar	10	11	0
719	3753805	68	0	single	rented	no	Physician	Srinagar	Jammu_and_Kashmir	0	13	0
720	5812529	46	2	single	rented	yes	Software_Developer	Tiruchirappalli[10]	Tamil_Nadu	2	11	1
721	9422148	43	16	single	rented	yes	Computer_hardware_engineer	Singrauli	Madhya_Pradesh	12	12	1
722	7673823	63	15	married	rented	no	Army_officer	Jaipur	Rajasthan	11	14	0
723	1832053	63	14	married	rented	yes	Secretary	Nashik	Maharashtra	7	14	0
724	6239581	38	8	single	rented	yes	Air_traffic_controller	Thane	Maharashtra	8	13	1
725	9855166	72	5	married	rented	yes	Drafter	Bidar	Karnataka	5	13	0
726	9044259	30	16	single	rented	no	Flight_attendant	Jabalpur	Madhya_Pradesh	3	11	1
727	9241049	41	8	single	rented	yes	Economist	Nanded	Maharashtra	6	13	0
728	9506949	49	14	single	rented	yes	Civil_servant	Bellary	Karnataka	13	11	0
729	4593497	33	15	married	rented	no	Biomedical_Engineer	Begusarai	Bihar	8	14	0
730	5186187	76	2	single	rented	no	Dentist	Shahjahanpur	Uttar_Pradesh	2	12	1
731	3069692	47	19	single	norent_noown	no	Software_Developer	Sultan_Pur_Majra	Delhi	5	11	0
732	1405890	34	2	single	owned	no	Graphic_Designer	"Khora,_Ghaziabad"	Uttar_Pradesh	2	12	0
733	2774757	36	11	single	rented	no	Civil_servant	New_Delhi	Delhi	10	11	0
734	3470076	44	15	single	rented	no	Magistrate	Gaya	Bihar	11	12	1
735	52469	60	10	single	rented	no	Statistician	Durgapur	West_Bengal	5	10	0
736	9450206	53	1	single	rented	no	Consultant	Haldia	West_Bengal	1	11	0
737	960205	66	16	single	rented	no	Comedian	Vijayawada	Andhra_Pradesh	7	11	1
738	1117930	79	15	single	rented	no	Drafter	Rohtak	Haryana	9	12	1
739	5604044	44	0	single	rented	no	Psychologist	Surat	Gujarat	0	13	0
740	96503	40	13	single	rented	no	Flight_attendant	Shimla	Himachal_Pradesh	3	14	1
741	3019204	29	14	single	rented	no	Surgeon	Arrah	Bihar	4	10	0
742	9043837	22	6	single	rented	yes	Technology_specialist	Haldia	West_Bengal	6	12	0
743	1868963	73	16	single	rented	yes	Computer_hardware_engineer	"Khora,_Ghaziabad"	Uttar_Pradesh	7	12	0
744	5270510	50	17	single	rented	no	Software_Developer	Karawal_Nagar	Delhi	4	11	0
745	7529689	76	9	single	rented	no	Army_officer	Rajahmundry[19][20]	Andhra_Pradesh	4	10	1
746	9420845	27	3	married	rented	no	Chef	Raichur	Karnataka	3	13	0
747	5152202	78	10	single	rented	no	Design_Engineer	Jamnagar	Gujarat	10	12	0
748	4388557	43	8	single	rented	no	Geologist	Bharatpur	Rajasthan	7	13	0
749	229554	74	15	single	rented	no	Web_designer	Ramgarh	Jharkhand	14	11	0
750	191830	45	9	single	rented	no	Economist	Bally	West_Bengal	9	12	0
751	7303811	47	2	single	rented	yes	Geologist	Warangal[11][12]	Telangana	2	11	0
752	7002478	38	20	married	rented	no	Secretary	Sambalpur	Odisha	5	13	0
753	7910818	25	14	single	owned	no	Graphic_Designer	Medininagar	Jharkhand	10	10	0
754	2201763	70	15	single	rented	no	Dentist	Kulti	West_Bengal	12	14	0
755	8973665	74	19	single	rented	no	Psychologist	Yamunanagar	Haryana	13	10	0
756	2968373	29	20	single	rented	no	Chartered_Accountant	Purnia[26]	Bihar	11	12	0
757	931078	57	19	single	rented	no	Chartered_Accountant	Bangalore	Karnataka	13	14	0
758	7310808	41	15	married	rented	no	Firefighter	Nangloi_Jat	Delhi	3	14	0
759	1442794	35	20	married	rented	no	Microbiologist	Haldia	West_Bengal	10	10	0
760	3528671	72	2	single	rented	no	Politician	Bhavnagar	Gujarat	2	10	0
761	6875625	77	7	married	rented	no	Surveyor	Parbhani	Maharashtra	7	11	0
762	5532605	23	19	single	owned	no	Statistician	Baranagar	West_Bengal	6	14	0
763	5965136	36	15	single	rented	no	Software_Developer	Jamshedpur	Jharkhand	10	12	1
764	6410485	75	7	single	rented	yes	Artist	Tadepalligudem	Andhra_Pradesh	7	10	0
765	479199	57	18	single	rented	no	Drafter	Jamalpur[36]	Bihar	13	13	0
766	5557295	29	2	single	rented	no	Politician	Varanasi	Uttar_Pradesh	2	13	0
767	5623739	75	19	single	rented	no	Computer_operator	Pallavaram	Tamil_Nadu	9	12	0
768	7109627	74	20	single	norent_noown	yes	Politician	Muzaffarnagar	Uttar_Pradesh	14	14	0
769	275750	22	9	single	rented	no	Army_officer	Tinsukia	Assam	9	11	0
770	6338889	35	6	single	rented	no	Librarian	Danapur	Bihar	6	14	0
771	7556569	72	6	single	rented	no	Artist	Purnia[26]	Bihar	6	11	0
772	2797997	30	10	single	rented	no	Mechanical_engineer	Muzaffarpur	Bihar	8	13	0
773	3086136	60	9	single	rented	no	Dentist	Chandigarh_city	Chandigarh	6	13	0
774	6550926	35	1	single	rented	no	Physician	Salem	Tamil_Nadu	1	11	1
775	5354560	58	13	single	rented	yes	Hotel_Manager	Anand	Gujarat	5	13	1
776	6590010	41	13	single	rented	no	Analyst	Anantapur	Andhra_Pradesh	6	13	0
777	5643939	76	11	single	rented	yes	Secretary	Nellore[14][15]	Andhra_Pradesh	3	11	0
778	2979441	44	7	married	rented	yes	Aviator	Mathura	Uttar_Pradesh	7	12	0
779	3890846	58	16	married	rented	yes	Police_officer	Guntur[13]	Andhra_Pradesh	4	11	0
780	7677453	49	12	single	rented	yes	Financial_Analyst	Firozabad	Uttar_Pradesh	3	11	0
781	5608121	52	7	single	rented	no	Physician	Jabalpur	Madhya_Pradesh	7	14	1
782	7087601	68	4	single	rented	no	Flight_attendant	Farrukhabad	Uttar_Pradesh	4	12	0
783	6894156	53	4	single	rented	no	Web_designer	HubliDharwad	Karnataka	4	10	0
784	9558695	35	11	single	rented	no	Air_traffic_controller	Uluberia	West_Bengal	6	12	0
785	1630476	65	3	single	rented	no	Chef	Guwahati	Assam	3	10	0
786	1246172	63	9	single	rented	yes	Designer	Tiruppur	Tamil_Nadu	5	13	0
787	8030487	62	3	single	rented	no	Computer_operator	Junagadh	Gujarat	3	13	0
788	9493120	63	19	single	rented	no	Hotel_Manager	Nagercoil	Tamil_Nadu	12	11	0
789	9443163	45	20	single	rented	no	Comedian	Chittoor[28]	Andhra_Pradesh	5	12	0
790	4642438	55	13	single	rented	no	Drafter	Kanpur	Uttar_Pradesh	13	14	1
791	7359458	29	3	single	rented	no	Consultant	Kirari_Suleman_Nagar	Delhi	3	14	0
792	8136993	21	16	single	owned	no	Artist	Ramgarh	Jharkhand	3	11	0
793	3487781	65	7	single	rented	no	Politician	Alappuzha	Kerala	7	10	0
794	6851175	23	14	single	rented	yes	Firefighter	Satara	Maharashtra	8	14	0
795	7394642	53	11	single	rented	yes	Police_officer	Bathinda	Punjab	11	14	0
796	1896591	25	19	single	rented	no	Firefighter	Salem	Tamil_Nadu	5	13	0
797	8419826	31	0	single	rented	no	Geologist	Raiganj	West_Bengal	0	14	1
798	1368608	65	13	single	rented	no	Civil_servant	Tiruvottiyur	Tamil_Nadu	5	14	0
799	3734522	47	1	single	rented	no	Surveyor	Jamalpur[36]	Bihar	1	10	1
800	7235849	46	4	married	rented	no	Lawyer	Khammam	Telangana	4	11	0
801	6747015	59	20	single	rented	no	Air_traffic_controller	Tirunelveli	Tamil_Nadu	7	14	0
802	1209322	41	10	single	rented	yes	Politician	Bidhannagar	West_Bengal	10	13	0
803	2018913	68	7	single	rented	yes	Web_designer	Dewas	Madhya_Pradesh	7	13	1
804	415914	52	6	single	rented	no	Industrial_Engineer	Visakhapatnam[4]	Andhra_Pradesh	6	14	0
805	8976828	58	10	single	rented	yes	Hotel_Manager	Nagercoil	Tamil_Nadu	10	14	1
806	214045	54	14	single	rented	no	Air_traffic_controller	Mathura	Uttar_Pradesh	3	10	0
807	2716709	36	9	single	rented	no	Aviator	Vadodara	Gujarat	9	14	0
808	5994422	62	17	single	rented	no	Architect	Jabalpur	Madhya_Pradesh	6	13	0
809	3437621	78	14	single	rented	no	Economist	Ramgarh	Jharkhand	3	10	0
810	8793461	53	18	single	rented	no	Politician	Gulbarga	Karnataka	8	10	0
811	6951975	54	3	single	rented	yes	Analyst	HubliDharwad	Karnataka	3	11	0
812	3829485	32	2	single	rented	no	Civil_engineer	Ozhukarai	Puducherry	2	12	0
813	5415637	47	12	single	rented	no	Chemical_engineer	Ratlam	Madhya_Pradesh	12	14	0
814	5010356	74	8	single	rented	no	Biomedical_Engineer	Ajmer	Rajasthan	8	14	0
815	5098928	71	17	single	rented	no	Lawyer	Darbhanga	Bihar	4	11	0
816	8030284	65	6	single	rented	no	Civil_engineer	Ghaziabad	Uttar_Pradesh	6	12	1
817	1755216	38	15	single	rented	no	Hotel_Manager	Haridwar	Uttarakhand	11	13	0
818	2010564	71	16	single	rented	yes	Microbiologist	Malegaon	Maharashtra	3	12	0
819	931235	71	0	single	rented	no	Flight_attendant	Giridih	Jharkhand	0	13	0
820	221597	30	12	single	rented	no	Librarian	Gandhinagar	Gujarat	12	10	0
821	8035749	64	16	single	rented	no	Lawyer	Kalyan-Dombivli	Maharashtra	10	11	0
822	3469231	42	12	single	rented	no	Surgeon	Rohtak	Haryana	12	14	0
823	989292	45	4	single	rented	no	Design_Engineer	Surat	Gujarat	4	10	0
824	7532243	47	2	single	rented	yes	Chef	Mahbubnagar	Telangana	2	12	0
825	9809512	61	5	single	owned	yes	Industrial_Engineer	Ahmednagar	Maharashtra	5	11	0
826	5002101	37	6	single	rented	yes	Biomedical_Engineer	Shivpuri	Madhya_Pradesh	6	14	0
827	3239090	68	17	single	owned	no	Comedian	Amravati	Maharashtra	13	11	0
828	1014244	36	9	single	rented	no	Designer	Ludhiana	Punjab	9	10	0
829	9412724	57	0	single	rented	no	Consultant	Fatehpur	Uttar_Pradesh	0	14	0
830	8304718	78	0	single	rented	no	Civil_servant	Bally	West_Bengal	0	13	0
831	5238806	65	3	single	rented	no	Police_officer	Ramagundam[27]	Telangana	3	12	1
832	6440066	74	15	single	rented	no	Technician	Bhilai	Chhattisgarh	8	11	0
833	224204	51	9	single	norent_noown	no	Computer_hardware_engineer	Mathura	Uttar_Pradesh	8	10	0
834	7074289	37	1	married	rented	no	Geologist	Anantapuram[24]	Andhra_Pradesh	1	12	0
835	143036	29	4	single	rented	no	Secretary	Lucknow	Uttar_Pradesh	4	14	0
836	8631895	27	12	married	rented	no	Secretary	Giridih	Jharkhand	7	14	0
837	5272729	28	17	single	rented	no	Computer_operator	Guwahati	Assam	12	10	0
838	1288371	51	2	single	rented	no	Air_traffic_controller	Guwahati	Assam	2	10	0
839	2329433	42	1	single	rented	no	Surveyor	Bhilwara	Rajasthan	1	11	0
840	8796074	21	0	single	rented	no	Hotel_Manager	Begusarai	Bihar	0	14	0
841	6550448	77	7	single	rented	yes	Fashion_Designer	Delhi_city	Delhi	7	13	0
842	4701745	32	18	single	rented	yes	Technology_specialist	Ajmer	Rajasthan	11	14	0
843	1411158	42	11	single	owned	yes	Civil_engineer	Hospet	Karnataka	6	13	0
844	9176670	69	12	single	rented	no	Aviator	Bidar	Karnataka	6	12	0
845	971966	79	10	single	rented	yes	Industrial_Engineer	Mehsana	Gujarat	5	12	0
846	6794531	68	20	single	rented	no	Hotel_Manager	Vadodara	Gujarat	14	10	1
847	2174359	60	18	single	owned	yes	Financial_Analyst	Raipur	Chhattisgarh	11	10	0
848	9266153	67	14	single	rented	no	Computer_hardware_engineer	Dhule	Maharashtra	9	11	0
849	972554	54	13	single	rented	yes	Comedian	Barasat	West_Bengal	13	12	1
850	476900	33	20	single	rented	yes	Firefighter	Saharsa[29]	Bihar	7	10	0
851	6991135	31	16	single	norent_noown	yes	Fashion_Designer	Mehsana	Gujarat	11	11	0
852	1854968	27	19	single	rented	no	Financial_Analyst	Sonipat	Haryana	3	14	0
853	6174825	47	19	single	rented	no	Engineer	Rampur	Uttar_Pradesh	6	14	0
854	7429005	69	2	married	rented	no	Computer_hardware_engineer	Gandhidham	Gujarat	2	13	0
855	2176235	50	10	single	rented	no	Biomedical_Engineer	Hajipur[31]	Bihar	3	11	0
856	1746647	69	2	single	rented	yes	Secretary	Jabalpur	Madhya_Pradesh	2	13	0
857	40007	39	19	single	rented	no	Chef	Hazaribagh	Jharkhand	12	13	0
858	8025541	53	9	married	rented	no	Chemical_engineer	Ghaziabad	Uttar_Pradesh	7	14	0
859	215207	32	7	married	rented	no	Lawyer	Singrauli	Madhya_Pradesh	7	13	0
860	2636544	39	0	single	rented	no	Computer_hardware_engineer	Vellore	Tamil_Nadu	0	11	0
861	4505937	52	6	single	rented	no	Petroleum_Engineer	Mangalore	Karnataka	6	14	0
862	1161425	45	14	single	rented	no	Biomedical_Engineer	Bongaigaon	Assam	13	13	0
863	2513457	32	18	single	rented	yes	Petroleum_Engineer	Dibrugarh	Assam	9	10	0
864	1239373	64	4	single	rented	no	Lawyer	Srinagar	Jammu_and_Kashmir	3	12	0
865	1207390	43	4	single	rented	no	Computer_operator	Coimbatore	Tamil_Nadu	3	14	0
866	2037154	41	9	single	rented	yes	Aviator	Madanapalle	Andhra_Pradesh	6	14	0
867	1728444	66	10	single	rented	yes	Magistrate	Jhansi	Uttar_Pradesh	10	13	0
868	267623	32	16	single	rented	no	Lawyer	Tirunelveli	Tamil_Nadu	5	13	0
869	3026261	49	7	single	rented	no	Technology_specialist	Phusro	Jharkhand	7	14	0
870	9082033	57	9	single	rented	no	Secretary	Kharagpur	West_Bengal	5	14	0
871	6911597	48	12	single	rented	no	Microbiologist	Unnao	Uttar_Pradesh	4	13	0
872	6852832	44	10	single	rented	no	Financial_Analyst	Pallavaram	Tamil_Nadu	10	14	0
873	4306831	49	17	single	rented	no	Biomedical_Engineer	Katihar	Bihar	6	12	0
874	7625659	51	6	single	rented	no	Dentist	Jorhat	Assam	6	12	0
875	9211842	61	16	single	rented	no	Computer_hardware_engineer	Bettiah[33]	Bihar	11	11	1
876	6268431	43	6	single	owned	yes	Technician	Jabalpur	Madhya_Pradesh	3	10	0
877	6165156	28	7	married	owned	no	Chef	Farrukhabad	Uttar_Pradesh	7	13	0
878	7962568	28	14	single	rented	yes	Engineer	Gudivada	Andhra_Pradesh	5	13	0
879	8057748	46	6	single	rented	yes	Geologist	Rajkot	Gujarat	4	11	1
880	2442625	67	9	married	rented	yes	Firefighter	Guntur[13]	Andhra_Pradesh	7	12	0
881	5899739	75	11	single	rented	yes	Civil_servant	Nagaon	Assam	3	12	0
882	1006338	67	1	single	rented	yes	Engineer	Howrah	West_Bengal	1	14	0
883	2579337	41	6	married	rented	no	Chef	Saharsa[29]	Bihar	6	12	0
884	6145246	32	3	single	rented	yes	Fashion_Designer	Ahmedabad	Gujarat	3	14	0
885	4556669	50	2	single	rented	yes	Hotel_Manager	Khammam	Telangana	2	13	0
886	6443249	69	18	single	rented	no	Firefighter	Ambala	Haryana	6	10	0
887	6372556	39	10	single	rented	yes	Graphic_Designer	Fatehpur	Uttar_Pradesh	3	13	0
888	4157390	34	17	married	rented	no	Statistician	Siliguri	West_Bengal	12	13	0
889	6389996	32	16	single	rented	no	Biomedical_Engineer	Jaipur	Rajasthan	7	11	0
890	7477502	28	14	single	rented	no	Chartered_Accountant	Ranchi	Jharkhand	11	10	0
891	127445	55	12	single	rented	no	Scientist	Bhatpara	West_Bengal	12	11	0
892	6712260	72	10	single	rented	no	Surgeon	Sultan_Pur_Majra	Delhi	3	11	0
893	4719877	74	15	single	rented	no	Civil_servant	Secunderabad	Telangana	11	10	0
894	1944232	23	20	single	rented	no	Fashion_Designer	Bhalswa_Jahangir_Pur	Delhi	14	13	0
895	1223133	68	6	single	norent_noown	no	Chartered_Accountant	Kozhikode	Kerala	6	10	0
896	5357215	52	8	single	rented	yes	Librarian	Darbhanga	Bihar	8	11	0
897	6381365	67	11	single	rented	no	Surveyor	Ulhasnagar	Maharashtra	4	12	0
898	4273331	67	17	single	rented	yes	Surgeon	Amritsar	Punjab	6	10	0
899	8371842	66	15	single	owned	no	Comedian	Jalandhar	Punjab	4	11	1
900	1851974	67	8	single	rented	no	Hotel_Manager	Bhatpara	West_Bengal	4	12	0
901	3657620	54	3	single	rented	no	Flight_attendant	Shimoga	Karnataka	3	13	0
902	3654298	78	18	single	rented	yes	Industrial_Engineer	Lucknow	Uttar_Pradesh	5	10	0
903	848556	70	6	single	rented	yes	Hotel_Manager	New_Delhi	Delhi	6	10	0
904	2615615	44	13	married	rented	no	Web_designer	Anantapuram[24]	Andhra_Pradesh	4	12	0
905	9897868	43	17	single	rented	yes	Surgeon	Amaravati	Andhra_Pradesh	8	14	0
906	8105018	74	12	single	rented	yes	Civil_servant	Serampore	West_Bengal	11	10	0
907	892655	53	4	single	rented	no	Web_designer	Vijayawada	Andhra_Pradesh	4	10	0
908	3019138	69	5	single	rented	no	Graphic_Designer	Giridih	Jharkhand	5	10	0
909	749226	67	4	single	rented	yes	Hotel_Manager	Saharanpur	Uttar_Pradesh	4	10	0
910	2293119	46	11	single	rented	yes	Civil_servant	Arrah	Bihar	11	14	0
911	4408094	30	8	single	rented	yes	Petroleum_Engineer	Saharsa[29]	Bihar	4	10	0
912	4784462	60	19	married	rented	yes	Economist	Durg	Chhattisgarh	9	14	0
913	4655230	50	4	single	rented	yes	Biomedical_Engineer	Panihati	West_Bengal	4	10	0
914	2363748	36	13	married	rented	no	Surgeon	Bhind	Madhya_Pradesh	7	10	0
915	753735	45	1	single	rented	no	Lawyer	Nizamabad	Telangana	1	11	0
916	1618942	31	17	single	rented	no	Magistrate	Bokaro	Jharkhand	7	12	0
917	6621319	27	2	single	rented	yes	Politician	Phusro	Jharkhand	2	14	0
918	9339198	67	14	married	rented	yes	Hotel_Manager	Guntakal	Andhra_Pradesh	11	14	0
919	736448	31	13	single	rented	no	Industrial_Engineer	Muzaffarpur	Bihar	7	13	0
920	156398	69	10	single	rented	yes	Technology_specialist	Bathinda	Punjab	7	14	0
921	2157311	78	14	single	rented	no	Chef	Sonipat	Haryana	6	12	1
922	5364976	73	13	single	rented	no	Artist	Anantapuram[24]	Andhra_Pradesh	3	10	0
923	3191887	76	3	single	owned	yes	Psychologist	Kamarhati	West_Bengal	3	14	0
924	4816663	40	18	single	rented	no	Architect	Amroha	Uttar_Pradesh	3	14	0
925	9777621	61	11	single	rented	no	Physician	Durg	Chhattisgarh	11	11	0
926	8623683	29	13	married	rented	no	Artist	Bhalswa_Jahangir_Pur	Delhi	5	14	0
927	9362365	23	19	single	rented	yes	Firefighter	Srikakulam	Andhra_Pradesh	11	13	0
928	2218507	68	17	single	rented	yes	Drafter	Vadodara	Gujarat	7	10	0
929	5055002	48	1	single	rented	no	Artist	Gulbarga	Karnataka	1	11	0
930	4072094	39	9	single	rented	no	Graphic_Designer	Farrukhabad	Uttar_Pradesh	9	14	0
931	6197216	69	2	single	rented	no	Analyst	Agra	Uttar_Pradesh	2	13	0
932	5768112	52	3	single	owned	no	Physician	Karawal_Nagar	Delhi	3	11	0
933	2175522	64	1	single	rented	no	Librarian	Mangalore	Karnataka	1	13	0
934	5093443	56	2	single	rented	no	Architect	Hyderabad	Telangana	2	14	0
935	4375734	30	9	single	rented	yes	Air_traffic_controller	Udupi	Karnataka	5	13	0
936	1259577	66	15	single	rented	no	Economist	Machilipatnam	Andhra_Pradesh	3	10	0
937	5069739	40	1	single	rented	no	Design_Engineer	Karaikudi	Tamil_Nadu	1	11	0
938	7198404	29	19	single	owned	yes	Graphic_Designer	Patiala	Punjab	6	14	1
939	3361391	48	0	single	rented	no	Politician	Nandyal	Andhra_Pradesh	0	14	0
940	422892	59	7	single	rented	yes	Biomedical_Engineer	Satara	Maharashtra	7	10	1
941	4356797	57	4	single	owned	no	Architect	Howrah	West_Bengal	4	12	0
942	7098273	67	10	single	rented	no	Chartered_Accountant	Eluru[25]	Andhra_Pradesh	3	12	1
943	1356494	68	5	single	rented	no	Politician	Madhyamgram	West_Bengal	5	12	0
944	4707147	27	10	single	rented	no	Secretary	Raebareli	Uttar_Pradesh	4	10	0
945	5221691	42	17	single	rented	no	Police_officer	Ranchi	Jharkhand	4	14	0
946	5507871	72	5	married	rented	yes	Designer	Kulti	West_Bengal	5	10	0
947	9455042	33	20	single	rented	no	Politician	Bokaro	Jharkhand	10	12	1
948	6922312	40	19	single	rented	yes	Financial_Analyst	Sri_Ganganagar	Rajasthan	14	13	0
949	2310149	35	9	single	rented	no	Air_traffic_controller	Jammu[16]	Jammu_and_Kashmir	9	11	0
950	8087598	44	18	single	rented	no	Chef	Noida	Uttar_Pradesh	14	11	0
951	2491348	47	11	single	rented	no	Artist	Suryapet	Telangana	11	10	0
952	6258257	41	8	single	rented	yes	Lawyer	Chennai	Tamil_Nadu	7	14	0
953	4949796	51	16	single	rented	no	Secretary	Kolkata	West_Bengal	8	12	0
954	726110	68	18	single	norent_noown	yes	Software_Developer	Medininagar	Jharkhand	10	13	0
955	2741381	35	17	single	rented	no	Computer_operator	Miryalaguda	Telangana	3	14	0
956	7831154	64	7	single	rented	no	Statistician	Kurnool[18]	Andhra_Pradesh	7	14	0
957	9543987	50	13	single	rented	no	Design_Engineer	Agra	Uttar_Pradesh	11	14	0
958	9938741	79	4	single	rented	yes	Civil_servant	Pudukkottai	Tamil_Nadu	4	12	0
959	5128999	53	12	single	rented	no	Designer	Tezpur	Assam	12	10	0
960	1900932	69	11	single	rented	no	Mechanical_engineer	Erode[17]	Tamil_Nadu	5	10	0
961	4703725	37	6	single	rented	no	Biomedical_Engineer	Bhopal	Madhya_Pradesh	6	10	0
962	8745080	55	18	single	rented	yes	Librarian	Erode[17]	Tamil_Nadu	4	13	1
963	2408696	26	11	single	rented	no	Graphic_Designer	Varanasi	Uttar_Pradesh	11	11	0
964	9545124	29	2	single	rented	yes	Mechanical_engineer	Pondicherry	Puducherry	2	11	0
965	4486618	31	6	single	norent_noown	yes	Police_officer	Yamunanagar	Haryana	6	10	0
966	2740278	65	4	single	rented	no	Civil_engineer	Thane	Maharashtra	4	10	0
967	3546473	39	5	single	rented	yes	Petroleum_Engineer	Udaipur	Rajasthan	3	10	0
968	8006236	49	6	single	rented	no	Secretary	Surendranagar_Dudhrej	Gujarat	6	10	0
969	6775535	60	20	single	rented	no	Psychologist	Moradabad	Uttar_Pradesh	7	14	0
970	7808637	65	13	married	rented	no	Consultant	Sambhal	Uttar_Pradesh	7	10	0
971	8306987	66	0	single	rented	no	Statistician	Thane	Maharashtra	0	12	0
972	4136252	79	12	married	rented	yes	Fashion_Designer	Tumkur	Karnataka	12	14	0
973	3777592	76	12	married	rented	yes	Economist	Kota[6]	Rajasthan	4	10	0
974	2557871	55	14	single	rented	yes	Biomedical_Engineer	Dibrugarh	Assam	3	12	0
975	1614323	28	18	single	rented	no	Secretary	Saharsa[29]	Bihar	6	14	0
976	991107	34	14	married	rented	yes	Designer	Saharsa[29]	Bihar	7	10	0
977	6686452	34	4	single	rented	no	Flight_attendant	Morena	Madhya_Pradesh	4	12	0
978	9789626	21	20	single	rented	no	Economist	Jehanabad[38]	Bihar	4	13	1
979	8049089	60	18	single	rented	no	Aviator	Noida	Uttar_Pradesh	5	12	0
980	2875030	49	10	single	rented	no	Designer	Tezpur	Assam	10	10	0
981	6064204	62	14	married	rented	no	Lawyer	Thane	Maharashtra	10	10	0
982	4054318	74	3	single	rented	no	Web_designer	Sangli-Miraj_&_Kupwad	Maharashtra	3	11	0
983	5969456	27	12	single	rented	no	Analyst	Baranagar	West_Bengal	10	14	0
984	2921004	47	4	single	rented	yes	Geologist	Dindigul	Tamil_Nadu	4	11	0
985	384314	57	7	single	rented	no	Police_officer	Pondicherry	Puducherry	3	12	0
986	2453112	34	6	single	rented	no	Microbiologist	Rampur	Uttar_Pradesh	6	14	1
987	4879862	75	2	single	owned	no	Computer_operator	Singrauli	Madhya_Pradesh	2	12	0
988	3068781	27	17	single	rented	yes	Comedian	Dewas	Madhya_Pradesh	3	14	0
989	3679290	25	9	single	rented	no	Psychologist	Pune	Maharashtra	6	11	0
990	4508919	59	6	single	rented	yes	Artist	"Khora,_Ghaziabad"	Uttar_Pradesh	6	14	0
991	9676479	48	17	married	rented	no	Analyst	Salem	Tamil_Nadu	14	14	0
992	2854227	57	3	single	rented	no	Aviator	Mau	Uttar_Pradesh	3	13	0
993	8448595	32	13	single	owned	no	Financial_Analyst	Satna	Madhya_Pradesh	3	13	0
994	6563024	34	2	single	rented	no	Scientist	Mysore[7][8][9]	Karnataka	2	13	0
995	6104859	47	12	single	rented	yes	Surgeon	Phagwara	Punjab	12	11	0
996	6907195	55	5	single	owned	no	Police_officer	Dharmavaram	Andhra_Pradesh	3	10	0
997	9253093	54	2	single	rented	yes	Secretary	Danapur	Bihar	2	12	1
998	9464966	67	14	single	norent_noown	yes	Statistician	Tiruppur	Tamil_Nadu	14	10	0
999	3346084	23	18	single	rented	no	Web_designer	Sambalpur	Odisha	6	13	0
